AATC_YEAST,0.51,0.4,0.56,0.17,0.5,0.5,0.49,0.22,0,CYT
ABP1_YEAST,0.4,0.39,0.6,0.15,0.5,0,0.58,0.3,0,CYT
ACH1_YEAST,0.4,0.42,0.57,0.35,0.5,0,0.53,0.25,0,CYT
ACT_YEAST,0.46,0.44,0.52,0.11,0.5,0,0.5,0.22,0,CYT
ACT2_YEAST,0.47,0.39,0.5,0.11,0.5,0,0.49,0.4,0,CYT
C1TC_YEAST,0.45,0.4,0.5,0.16,0.5,0,0.5,0.22,0,CYT
PUR4_YEAST,0.43,0.44,0.48,0.22,0.5,0,0.51,0.22,0,CYT
PUR3_YEAST,0.73,0.63,0.42,0.3,0.5,0,0.49,0.22,0,CYT
ADH1_YEAST,0.43,0.53,0.52,0.13,0.5,0,0.55,0.22,0,CYT
ADH2_YEAST,0.46,0.53,0.52,0.15,0.5,0,0.58,0.22,0,CYT
ADH4_YEAST,0.59,0.45,0.53,0.19,0.5,0,0.59,0.27,0,CYT
KAD1_YEAST,0.57,0.47,0.6,0.18,0.5,0,0.51,0.22,0,CYT
AFR1_YEAST,0.38,0.61,0.61,0.12,0.5,0,0.53,0.47,0,CYT
SYAC_YEAST,0.4,0.45,0.57,0.18,0.5,0,0.56,0.26,0,CYT
ADB2_YEAST,0.48,0.39,0.51,0.21,0.5,0,0.52,0.28,0,CYT
ARD1_YEAST,0.56,0.48,0.58,0.27,0.5,0,0.51,0.22,0,CYT
ARF1_YEAST,0.64,0.59,0.56,0.23,0.5,0,0.46,0.22,0,CYT
ARF2_YEAST,0.64,0.56,0.56,0.22,0.5,0,0.45,0.22,0,CYT
ASSY_YEAST,0.66,0.62,0.49,0.1,0.5,0,0.49,0.22,0,CYT
OTC_YEAST,0.53,0.44,0.51,0.33,0.5,0,0.55,0.22,0,CYT
ARLY_YEAST,0.38,0.49,0.53,0.19,0.5,0,0.5,0.22,0,CYT
ARO1_YEAST,0.54,0.48,0.44,0.08,0.5,0,0.52,0.27,0,CYT
AROC_YEAST,0.6,0.47,0.45,0.22,0.5,0,0.51,0.29,0,CYT
AROF_YEAST,0.34,0.46,0.57,0.09,0.5,0,0.55,0.22,0,CYT
AROG_YEAST,0.48,0.54,0.55,0.12,0.5,0,0.51,0.22,0,CYT
CHMU_YEAST,0.47,0.39,0.59,0.15,0.5,0,0.57,0.22,0,CYT
AST1_YEAST,0.48,0.42,0.52,0.24,0.5,0,0.56,0.22,0,CYT
ATE1_YEAST,0.58,0.51,0.49,0.27,0.5,0,0.57,0.29,0,CYT
BCK1_YEAST,0.42,0.47,0.52,0.41,0.5,0,0.53,0.32,0,CYT
BCK2_YEAST,0.36,0.46,0.62,0.46,0.5,0,0.51,0.33,0,CYT
KAPR_YEAST,0.4,0.45,0.56,0.2,0.5,0,0.45,0.22,0,CYT
BEM1_YEAST,0.49,0.61,0.49,0.25,0.5,0,0.5,0.28,0,CYT
BIK1_YEAST,0.64,0.57,0.57,0.27,0.5,0,0.37,0.22,0,CYT
BUD5_YEAST,0.47,0.52,0.5,0.4,0.5,0,0.41,0.22,0,CYT
CAP2_YEAST,0.47,0.39,0.55,0.24,0.5,0,0.47,0.22,0,CYT
CAPA_YEAST,0.42,0.35,0.54,0.18,0.5,0,0.56,0.22,0,CYT
CAPB_YEAST,0.3,0.56,0.55,0.18,0.5,0,0.5,0.22,0,CYT
ARGI_YEAST,0.65,0.65,0.52,0.16,0.5,0,0.6,0.22,0,CYT
OAT_YEAST,0.27,0.6,0.48,0.23,0.5,0,0.55,0.22,0,CYT
CTPT_YEAST,0.41,0.4,0.59,0.47,0.5,0,0.48,0.43,0,CYT
CC10_YEAST,0.5,0.64,0.57,0.15,0.5,0,0.47,0.22,0,CYT
CC11_YEAST,0.4,0.62,0.52,0.31,0.5,0,0.49,0.31,0,CYT
CC12_YEAST,0.6,0.5,0.57,0.25,0.5,0,0.41,0.26,0,CYT
CC24_YEAST,0.34,0.54,0.5,0.21,0.5,0,0.54,0.31,0,CYT
CDC3_YEAST,0.29,0.32,0.58,0.15,0.5,0,0.5,0.3,0,CYT
IF4E_YEAST,0.39,0.47,0.56,0.16,0.5,0,0.47,0.22,0,CYT
CC4_YEAST,0.43,0.57,0.53,0.16,0.5,0,0.54,0.22,0,CYT
CC42_YEAST,0.59,0.48,0.5,0.14,0.5,0,0.45,0.25,0,CYT
CAL1_YEAST,0.39,0.55,0.48,0.31,0.5,0,0.54,0.29,0,CYT
CC48_YEAST,0.44,0.39,0.53,0.14,0.5,0,0.54,0.44,0,CYT
SYLC_YEAST,0.45,0.43,0.51,0.24,0.5,0,0.54,0.33,0,CYT
KTHY_YEAST,0.42,0.43,0.56,0.1,0.5,0,0.49,0.22,0,CYT
RLUB_YEAST,0.4,0.42,0.71,0.21,0.5,0,0.54,0.32,0,CYT
RLUB_YEAST,0.4,0.42,0.71,0.21,0.5,0,0.54,0.32,0,CYT
CLH_YEAST,0.54,0.49,0.49,0.2,0.5,0,0.52,0.22,0,CYT
CIN1_YEAST,0.48,0.61,0.44,0.2,0.5,0,0.47,0.22,0,CYT
CIN4_YEAST,0.66,0.45,0.5,0.23,0.5,0,0.49,0.22,0,CYT
CIN8_YEAST,0.21,0.41,0.55,0.11,0.5,0,0.5,0.27,0,CYT
KICH_YEAST,0.39,0.4,0.53,0.67,0.5,0,0.47,0.22,0,CYT
CLC1_YEAST,0.24,0.34,0.69,0.18,0.5,0,0.52,0.22,0,CYT
CG11_YEAST,0.49,0.43,0.51,0.13,0.5,0,0.47,0.22,0,CYT
CG12_YEAST,0.54,0.38,0.52,0.18,0.5,0,0.48,0.22,0,CYT
CG13_YEAST,0.43,0.57,0.53,0.53,0.5,0,0.53,0.25,0,CYT
CALM_YEAST,0.48,0.64,0.61,0.23,0.5,0,0.6,0.22,0,CYT
KCC1_YEAST,0.31,0.55,0.52,0.17,0.5,0,0.52,0.22,0,CYT
KCC2_YEAST,0.32,0.57,0.5,0.15,0.5,0,0.53,0.22,0,CYT
P2B1_YEAST,0.32,0.42,0.52,0.24,0.5,0,0.6,0.22,0,CYT
P2B2_YEAST,0.59,0.5,0.52,0.28,0.5,0,0.55,0.25,0,CYT
CALB_YEAST,0.37,0.42,0.51,0.11,0.5,0,0.57,0.22,0,CYT
COFI_YEAST,0.44,0.42,0.6,0.21,0.5,0,0.57,0.22,0,CYT
CARA_YEAST,0.53,0.51,0.46,0.28,0.5,0,0.48,0.22,0,CYT
CARB_YEAST,0.35,0.66,0.49,0.21,0.5,0,0.54,0.25,0,CYT
CYPH_YEAST,0.52,0.4,0.6,0.12,0.5,0,0.55,0.22,0,CYT
R141_YEAST,0.57,0.41,0.59,0.24,0.5,0,0.4,0.22,0,CYT
R142_YEAST,0.56,0.41,0.58,0.21,0.5,0,0.42,0.22,0,CYT
CATT_YEAST,0.41,0.51,0.58,0.15,0.5,0,0.45,0.27,0,CYT
MTC_YEAST,0.38,0.51,0.75,0.17,0.5,0,0.55,0.22,0,CYT
MTC_YEAST,0.38,0.51,0.75,0.17,0.5,0,0.55,0.22,0,CYT
RL2A_YEAST,0.45,0.27,0.57,0.36,0.5,0,0.52,0.18,0,CYT
CYAA_YEAST,0.2,0.26,0.52,0.14,0.5,0,0.53,0.44,0,CYT
CYS3_YEAST,0.51,0.53,0.55,0.14,0.5,0,0.51,0.22,0,CYT
DEP1_YEAST,0.38,0.48,0.59,0.22,0.5,0,0.46,0.22,0,CYT
DYR_YEAST,0.8,0.46,0.5,0.15,0.5,0,0.53,0.22,0,CYT
SYDC_YEAST,0.46,0.35,0.53,0.16,0.5,0,0.51,0.29,0,CYT
DSS4_YEAST,0.56,0.52,0.55,0.19,0.5,0,0.54,0.22,0,CYT
EF1B_YEAST,0.39,0.45,0.53,0.18,0.5,0,0.54,0.22,0,CYT
EF2_YEAST,0.52,0.54,0.5,0.21,0.5,0,0.48,0.3,0,CYT
END3_YEAST,0.55,0.46,0.53,0.11,0.5,0,0.52,0.48,0,CYT
ENO1_YEAST,0.45,0.56,0.54,0.32,0.5,0,0.57,0.22,0,CYT
ENO2_YEAST,0.45,0.56,0.53,0.32,0.5,0,0.57,0.22,0,CYT
THIL_YEAST,0.54,0.65,0.49,0.34,0.5,0,0.52,0.22,0,CYT
KIME_YEAST,0.59,0.58,0.46,0.19,0.5,0,0.56,0.27,0,CYT
FPPS_YEAST,0.55,0.56,0.45,0.14,0.5,0,0.54,0.22,0,CYT
ERG6_YEAST,0.32,0.47,0.55,0.12,0.5,0,0.52,0.22,0,CYT
ERG8_YEAST,0.62,0.58,0.46,0.13,0.5,0,0.53,0.22,0,CYT
LCF2_YEAST,0.35,0.46,0.49,0.15,1,0,0.55,0.35,0,CYT
FAD1_YEAST,0.43,0.51,0.48,0.14,0.5,0,0.5,0.22,0,CYT
FAS1_YEAST,0.57,0.61,0.45,0.26,0.5,0,0.5,0.22,0,CYT
FAS2_YEAST,0.63,0.62,0.42,0.12,0.5,0,0.52,0.25,0,CYT
COAC_YEAST,0.25,0.4,0.51,0.18,0.5,0,0.5,0.27,0,CYT
ALF_YEAST,0.56,0.62,0.53,0.24,0.5,0,0.57,0.22,0,CYT
F16P_YEAST,0.58,0.6,0.51,0.24,0.5,0,0.53,0.22,0,CYT
F26_YEAST,0.71,0.59,0.53,0.15,0.5,0,0.49,0.33,0,CYT
FKBP_YEAST,0.35,0.36,0.57,0.17,0.5,0,0.52,0.22,0,CYT
SYFA_YEAST,0.45,0.4,0.56,0.14,0.5,0,0.54,0.22,0,CYT
SYFB_YEAST,0.47,0.47,0.58,0.16,0.5,0,0.49,0.28,0,CYT
FUMH_YEAST,0.41,0.39,0.51,0.52,0.5,0,0.49,0.22,0,CYT
FUR1_YEAST,0.69,0.6,0.5,0.31,0.5,0,0.55,0.22,0,CYT
FUS3_YEAST,0.51,0.58,0.54,0.29,0.5,0,0.53,0.22,0,CYT
GAC1_YEAST,0.55,0.66,0.57,0.32,0.5,0,0.57,0.34,0,CYT
GAL1_YEAST,0.48,0.35,0.42,0.21,0.5,0,0.57,0.22,0,CYT
GALX_YEAST,0.62,0.58,0.52,0.15,0.5,0,0.52,0.29,0,CYT
GAL7_YEAST,0.5,0.5,0.48,0.17,0.5,0,0.47,0.26,0,CYT
E2BG_YEAST,0.45,0.42,0.52,0.2,0.5,0,0.5,0.25,0,CYT
IF2G_YEAST,0.51,0.35,0.46,0.15,0.5,0,0.51,0.42,0,CYT
E2BD_YEAST,0.42,0.39,0.47,0.13,0.5,0,0.5,0.27,0,CYT
E2BE_YEAST,0.32,0.38,0.52,0.2,0.5,0,0.52,0.28,0,CYT
E2BB_YEAST,0.59,0.65,0.52,0.3,0.5,0,0.46,0.31,0,CYT
GCN1_YEAST,0.41,0.52,0.41,0.11,0.5,0,0.54,0.35,0,CYT
GCN2_YEAST,0.37,0.33,0.5,0.12,0.5,0,0.51,0.54,0,CYT
E2BA_YEAST,0.45,0.56,0.49,0.17,0.5,0,0.52,0.22,0,CYT
GCY_YEAST,0.6,0.4,0.59,0.18,0.5,0,0.48,0.22,0,CYT
DHE4_YEAST,0.38,0.47,0.53,0.12,0.5,0,0.48,0.22,0,CYT
DHE2_YEAST,0.59,0.43,0.52,0.19,0.5,0,0.55,0.27,0,CYT
GDI1_YEAST,0.64,0.53,0.45,0.13,0.5,0,0.53,0.22,0,CYT
GFA1_YEAST,0.52,0.51,0.51,0.12,0.5,0,0.51,0.4,0,CYT
GLGB_YEAST,0.49,0.43,0.48,0.15,0.5,0,0.55,0.25,0,CYT
PP12_YEAST,0.49,0.47,0.52,0.16,0.5,0,0.53,0.28,0,CYT
HXKG_YEAST,0.48,0.39,0.49,0.18,0.5,0,0.51,0.22,0,CYT
GLNA_YEAST,0.44,0.34,0.55,0.18,0.5,0,0.52,0.22,0,CYT
SYQ_YEAST,0.49,0.42,0.54,0.17,0.5,0,0.5,0.36,0,CYT
6PGD_YEAST,0.74,0.53,0.5,0.08,0.5,0,0.55,0.31,0,CYT
GBA1_YEAST,0.3,0.5,0.47,0.11,0.5,0,0.46,0.22,0,CYT
GPDA_YEAST,0.44,0.51,0.48,0.38,0.5,0,0.52,0.22,0,CYT
PHSG_YEAST,0.31,0.45,0.5,0.17,0.5,0,0.49,0.22,0,CYT
PMGY_YEAST,0.55,0.41,0.56,0.21,0.5,0,0.52,0.22,0,CYT
SYG_YEAST,0.4,0.48,0.5,0.17,0.5,0,0.54,0.5,0,CYT
UGS1_YEAST,0.58,0.45,0.48,0.24,0.5,0,0.52,0.37,0,CYT
UGS2_YEAST,0.58,0.41,0.51,0.26,0.5,0,0.51,0.37,0,CYT
HAL1_YEAST,0.38,0.49,0.61,0.13,0.5,0,0.54,0.22,0,CYT
HBS1_YEAST,0.21,0.38,0.49,0.16,0.5,0,0.51,0.45,0,CYT
DCUP_YEAST,0.48,0.34,0.47,0.14,0.5,0,0.47,0.26,0,CYT
HEM6_YEAST,0.35,0.4,0.53,0.18,0.5,0,0.42,0.38,0,CYT
HEM2_YEAST,0.53,0.43,0.47,0.15,0.5,0,0.58,0.22,0,CYT
HEM3_YEAST,0.46,0.45,0.56,0.16,0.5,0,0.56,0.22,0,CYT
HIS7_YEAST,0.56,0.44,0.56,0.19,0.5,0,0.54,0.22,0,CYT
HS83_YEAST,0.61,0.54,0.49,0.16,0.5,0,0.54,0.42,0,CYT
H104_YEAST,0.66,0.62,0.52,0.17,0.5,0,0.49,0.22,0,CYT
HS26_YEAST,0.44,0.41,0.58,0.2,0.5,0,0.57,0.25,0,CYT
HS82_YEAST,0.61,0.54,0.49,0.19,0.5,0,0.54,0.47,0,CYT
HXKA_YEAST,0.41,0.3,0.49,0.28,0.5,0,0.54,0.22,0,CYT
HXKB_YEAST,0.41,0.43,0.5,0.28,0.5,0,0.5,0.22,0,CYT
IPPI_YEAST,0.51,0.43,0.63,0.18,0.5,0,0.52,0.22,0,CYT
SYI_YEAST,0.5,0.46,0.52,0.16,0.5,0,0.52,0.26,0,CYT
INO1_YEAST,0.51,0.34,0.43,0.18,0.5,0,0.48,0.25,0,CYT
IPYR_YEAST,0.43,0.51,0.6,0.25,0.5,0,0.55,0.22,0,CYT
JNM1_YEAST,0.42,0.25,0.6,0.14,0.5,0,0.45,0.22,0,CYT
KIP1_YEAST,0.43,0.52,0.53,0.52,1,0,0.49,0.22,0,CYT
KIP2_YEAST,0.38,0.49,0.54,1,0.5,0,0.5,0.27,0,CYT
KR11_YEAST,0.27,0.56,0.56,0.18,0.5,0,0.52,0.22,0,CYT
SYKC_YEAST,0.43,0.45,0.54,0.14,0.5,0,0.5,0.31,0,CYT
BLH1_YEAST,0.52,0.48,0.58,0.55,0.5,0,0.48,0.22,0,CYT
LEU2_YEAST,0.51,0.43,0.47,0.19,0.5,0,0.52,0.37,0,CYT
LEU3_YEAST,0.54,0.54,0.49,0.14,0.5,0,0.56,0.22,0,CYT
LYS1_YEAST,0.5,0.45,0.48,0.17,0.5,0,0.5,0.26,0,CYT
LYS2_YEAST,0.46,0.47,0.46,0.16,0.5,0,0.51,0.22,0,CYT
MAK3_YEAST,0.5,0.34,0.62,0.19,0.5,0,0.57,0.22,0,CYT
MA3S_YEAST,0.39,0.37,0.56,0.15,0.5,0,0.5,0.27,0,CYT
AMPM_YEAST,0.48,0.51,0.57,0.24,0.5,0,0.5,0.22,0,CYT
MDHC_YEAST,0.62,0.6,0.47,0.16,0.5,0,0.53,0.22,0,CYT
MDM1_YEAST,0.49,0.44,0.45,0.22,0.5,0,0.51,0.22,0,CYT
SYMC_YEAST,0.57,0.44,0.42,0.2,0.5,0,0.54,0.22,0,CYT
MET2_YEAST,0.4,0.47,0.48,0.18,0.5,0,0.46,0.22,0,CYT
MT17_YEAST,0.34,0.54,0.54,0.13,0.5,0,0.52,0.22,0,CYT
METE_YEAST,0.29,0.46,0.54,0.27,0.5,0,0.49,0.22,0,CYT
MLP1_YEAST,0.46,0.55,0.61,0.13,0.5,0,0.47,0.22,0,CYT
MTD1_YEAST,0.57,0.4,0.48,0.24,0.5,0,0.55,0.22,0,CYT
MYS1_YEAST,0.58,0.38,0.4,0.21,0.5,0,0.5,0.22,0,CYT
MYS2_YEAST,0.53,0.41,0.5,0.24,1,0,0.47,0.22,0,CYT
MYS4_YEAST,0.43,0.4,0.5,0.18,0.5,0,0.5,0.28,0,CYT
NAB1_YEAST,0.49,0.6,0.55,0.17,0.5,0,0.44,0.22,0,CYT
NAM7_YEAST,0.37,0.41,0.45,0.14,0.5,0,0.47,0.22,0,CYT
NAT1_YEAST,0.5,0.36,0.53,0.41,0.5,0,0.55,0.36,0,CYT
NAT2_YEAST,0.59,0.58,0.39,0.52,0.5,0,0.5,0.31,0,CYT
NIN1_YEAST,0.47,0.5,0.55,0.19,0.5,0,0.62,0.22,0,CYT
NIP1_YEAST,0.35,0.5,0.44,0.27,0.5,0,0.51,0.22,0,CYT
NMT_YEAST,0.49,0.44,0.51,0.18,0.5,0,0.52,0.27,0,CYT
TREA_YEAST,0.29,0.34,0.55,0.24,0.5,0,0.51,0.22,0,CYT
PABP_YEAST,0.28,0.48,0.56,0.16,0.5,0,0.48,0.26,0,CYT
PAN1_YEAST,0.69,0.39,0.52,0.12,0.5,0,0.38,0.35,0,CYT
PAS1_YEAST,0.56,0.48,0.5,0.3,0.5,0,0.51,0.22,0,CYT
IPB2_YEAST,0.45,0.46,0.61,0.2,0.5,0,0.62,0.22,0,CYT
DCP1_YEAST,0.49,0.45,0.53,0.16,0.5,0,0.49,0.31,0,CYT
PDC2_YEAST,0.51,0.46,0.57,0.25,0.5,0,0.53,0.22,0,CYT
DCP2_YEAST,0.49,0.45,0.46,0.18,0.5,0,0.49,0.31,0,CYT
DCP3_YEAST,0.52,0.46,0.51,0.18,0.5,0,0.5,0.22,0,CYT
CNA1_YEAST,0.55,0.59,0.52,0.1,0.5,0,0.53,0.22,0,CYT
CNA2_YEAST,0.39,0.58,0.5,0.1,0.5,0,0.51,0.25,0,CYT
K6P1_YEAST,0.57,0.49,0.5,0.2,0.5,0,0.51,0.28,0,CYT
K6P2_YEAST,0.62,0.43,0.49,0.29,0.5,0,0.5,0.27,0,CYT
6P2K_YEAST,0.45,0.41,0.49,0.14,1,0,0.53,0.3,0,CYT
PROF_YEAST,0.47,0.49,0.6,0.15,0.5,0,0.38,0.22,0,CYT
G6PI_YEAST,0.46,0.46,0.53,0.23,0.5,0,0.51,0.22,0,CYT
PGK_YEAST,0.48,0.42,0.48,0.19,0.5,0,0.58,0.22,0,CYT
PGM1_YEAST,0.43,0.45,0.53,0.19,0.5,0,0.56,0.22,0,CYT
PGM2_YEAST,0.28,0.36,0.55,0.15,0.5,0,0.57,0.22,0,CYT
PNPP_YEAST,0.38,0.62,0.52,0.14,0.5,0,0.53,0.22,0,CYT
MANA_YEAST,0.55,0.51,0.54,0.2,0.5,0,0.56,0.22,0,CYT
PPCK_YEAST,0.45,0.47,0.53,0.15,0.5,0,0.52,0.27,0,CYT
PPX1_YEAST,0.51,0.48,0.46,0.29,0.5,0,0.54,0.22,0,CYT
PRCG_YEAST,0.55,0.63,0.54,0.16,0.5,0,0.45,0.27,0,CYT
PRCE_YEAST,0.46,0.62,0.54,0.25,0.5,0,0.46,0.22,0,CYT
PRCD_YEAST,0.53,0.59,0.48,0.14,0.5,0,0.51,0.22,0,CYT
PRCH_YEAST,0.42,0.53,0.57,0.17,0.5,0,0.49,0.22,0,CYT
PRC2_YEAST,0.52,0.46,0.56,0.2,0.5,0,0.5,0.22,0,CYT
PRC6_YEAST,0.53,0.43,0.57,0.24,0.5,0,0.39,0.28,0,CYT
PROB_YEAST,0.56,0.48,0.5,0.17,0.5,0,0.51,0.26,0,CYT
PROC_YEAST,0.77,0.57,0.45,0.17,0.5,0,0.53,0.22,0,CYT
PRC8_YEAST,0.45,0.45,0.52,0.17,0.5,0,0.54,0.22,0,CYT
PRC5_YEAST,0.28,0.51,0.55,0.19,0.5,0,0.57,0.22,0,CYT
PRC3_YEAST,0.51,0.51,0.56,0.28,0.5,0,0.54,0.27,0,CYT
PRC9_YEAST,0.48,0.56,0.49,0.32,0.5,0,0.5,0.22,0,CYT
PRT1_YEAST,0.59,0.46,0.48,0.46,0.5,0,0.49,0.22,0,CYT
PTP1_YEAST,0.53,0.45,0.53,0.18,0.5,0,0.42,0.22,0,CYT
PTP2_YEAST,0.45,0.27,0.5,0.33,0.5,0,0.53,0.26,0,CYT
PUB1_YEAST,0.48,0.5,0.56,0.11,0.5,0,0.33,0.22,0,CYT
PRCF_YEAST,0.35,0.47,0.53,0.19,0.5,0,0.48,0.22,0,CYT
PRCZ_YEAST,0.48,0.48,0.56,0.18,0.5,0,0.58,0.22,0,CYT
PYC1_YEAST,0.46,0.43,0.5,0.24,0.5,0,0.48,0.31,0,CYT
PYC2_YEAST,0.43,0.46,0.5,0.21,0.5,0,0.49,0.34,0,CYT
KPYK_YEAST,0.61,0.55,0.51,0.26,0.5,0,0.52,0.22,0,CYT
RAM1_YEAST,0.59,0.47,0.51,0.53,0.5,0,0.53,0.26,0,CYT
RAM2_YEAST,0.4,0.6,0.5,0.16,0.5,0,0.51,0.22,0,CYT
RAS1_YEAST,0.61,0.46,0.54,0.11,0.5,0,0.47,0.22,0,CYT
RAS2_YEAST,0.66,0.55,0.54,0.18,0.5,0,0.43,0.22,0,CYT
RHO1_YEAST,0.6,0.48,0.46,0.32,0.5,0,0.4,0.33,0,CYT
RHO2_YEAST,0.64,0.44,0.51,0.35,0.5,0,0.53,0.22,0,CYT
RNA1_YEAST,0.45,0.52,0.5,0.12,0.5,0,0.6,0.22,0,CYT
RS3A_YEAST,0.38,0.4,0.59,0.25,0.5,0,0.44,0.22,0,CYT
RS3B_YEAST,0.39,0.39,0.59,0.25,0.5,0,0.45,0.22,0,CYT
R13A_YEAST,0.54,0.55,0.56,0.14,0.5,0,0.5,0.25,0,CYT
RL18_YEAST,0.45,0.5,0.57,0.29,0.5,0,0.44,0.11,0,CYT
RL18_YEAST,0.45,0.5,0.57,0.29,0.5,0,0.44,0.11,0,CYT
RS24_YEAST,0.61,0.38,0.57,0.36,0.5,0,0.44,0.21,0,CYT
RS24_YEAST,0.61,0.38,0.57,0.36,0.5,0,0.44,0.21,0,CYT
R17A_YEAST,0.43,0.33,0.54,0.37,0.5,0,0.38,0.16,0,CYT
R17B_YEAST,0.43,0.33,0.54,0.37,0.5,0,0.38,0.16,0,CYT
R61A_YEAST,0.51,0.39,0.58,0.19,0.5,0,0.47,0.22,0,CYT
RL1_YEAST,0.35,0.33,0.48,0.42,0.5,0,0.47,0.43,0,CYT
RL15_YEAST,0.46,0.35,0.69,0.18,0.5,0,0.3,0.25,0,CYT
RL15_YEAST,0.46,0.35,0.69,0.18,0.5,0,0.3,0.25,0,CYT
R14A_YEAST,0.57,0.43,0.52,0.3,0.5,0,0.37,0.11,0,CYT
R14B_YEAST,0.57,0.43,0.52,0.3,0.5,0,0.37,0.11,0,CYT
RL12_YEAST,0.59,0.51,0.48,0.12,0.5,0,0.54,0.31,0,CYT
RL12_YEAST,0.59,0.51,0.48,0.12,0.5,0,0.54,0.31,0,CYT
RL16_YEAST,0.61,0.53,0.59,0.17,0.5,0,0.44,0.28,0,CYT
RL1A_YEAST,0.61,0.48,0.56,0.19,0.5,0,0.53,0.31,0,CYT
RL1A_YEAST,0.61,0.48,0.56,0.19,0.5,0,0.53,0.31,0,CYT
R16A_YEAST,0.44,0.56,0.52,0.18,0.5,0,0.5,0.11,0,CYT
R16B_YEAST,0.36,0.56,0.52,0.18,0.5,0,0.45,0.16,0,CYT
RL17_YEAST,0.37,0.44,0.64,0.48,0.5,0,0.36,0.27,0,CYT
RL19_YEAST,0.72,0.37,0.63,0.38,0.5,0,0.4,0.14,0,CYT
RL19_YEAST,0.72,0.37,0.63,0.38,0.5,0,0.4,0.14,0,CYT
RL25_YEAST,0.44,0.36,0.64,0.45,0.5,0,0.53,0.11,0,CYT
RL27_YEAST,0.58,0.45,0.55,0.27,0.5,0,0.48,0.11,0,CYT
RL2_YEAST,0.63,0.64,0.45,0.26,0.5,0,0.43,0.22,0,CYT
RL2_YEAST,0.63,0.64,0.45,0.26,0.5,0,0.43,0.22,0,CYT
RL3A_YEAST,0.43,0.33,0.67,0.12,0.5,0,0.45,0.23,0,CYT
RL3B_YEAST,0.43,0.33,0.67,0.12,0.5,0,0.43,0.23,0,CYT
RL3E_YEAST,0.58,0.44,0.5,0.26,0.5,0,0.52,0.22,0,CYT
RL34_YEAST,0.38,0.43,0.53,0.22,0.5,0,0.48,0.11,0,CYT
R37A_YEAST,0.4,0.45,0.61,0.29,0.5,0,0.44,0.22,0,CYT
R37B_YEAST,0.4,0.45,0.61,0.29,0.5,0,0.44,0.22,0,CYT
RL44_YEAST,0.34,0.34,0.65,0.4,0.5,0,0.32,0.16,0,CYT
RL44_YEAST,0.34,0.34,0.65,0.4,0.5,0,0.32,0.16,0,CYT
RL46_YEAST,0.43,0.22,0.79,0.79,0.5,0,0.22,0,0,CYT
RL41_YEAST,0.35,0.21,1,0.8,0.5,0,0.13,0.01,0,CYT
RL41_YEAST,0.35,0.21,1,0.8,0.5,0,0.13,0.01,0,CYT
RL4A_YEAST,0.56,0.35,0.47,0.41,0.5,0,0.5,0.22,0,CYT
RL4B_YEAST,0.56,0.35,0.47,0.35,0.5,0,0.52,0.22,0,CYT
RL6_YEAST,0.54,0.44,0.55,0.48,0.5,0,0.47,0.22,0,CYT
RL71_YEAST,0.35,0.39,0.56,0.2,0.5,0,0.49,0.41,0,CYT
RL9_YEAST,0.48,0.46,0.58,0.16,0.5,0,0.45,0.22,0,CYT
RLA0_YEAST,0.48,0.55,0.48,0.1,0.5,0,0.55,0.22,0,CYT
RLA1_YEAST,0.66,0.6,0.52,0.19,0.5,0,0.69,0.22,0,CYT
RLA2_YEAST,0.69,0.54,0.55,0.23,0.5,0,0.73,0.22,0,CYT
RLA3_YEAST,0.73,0.6,0.47,0.2,0.5,0,0.72,0.22,0,CYT
RLA4_YEAST,0.78,0.82,0.56,0.21,0.5,0,0.69,0.22,0,CYT
RS6_YEAST,0.46,0.33,0.45,0.22,0.5,0,0.41,0.37,0,CYT
R19A_YEAST,0.52,0.43,0.61,0.22,0.5,0,0.45,0.22,0,CYT
R19B_YEAST,0.52,0.43,0.61,0.22,0.5,0,0.45,0.22,0,CYT
RS41_YEAST,0.32,0.44,0.54,0.21,0.5,0,0.4,0.19,0,CYT
RS41_YEAST,0.32,0.44,0.54,0.21,0.5,0,0.4,0.19,0,CYT
RS15_YEAST,0.48,0.41,0.52,0.33,0.5,0,0.51,0.26,0,CYT
RS22_YEAST,0.46,0.39,0.54,0.22,0.5,0,0.48,0.25,0,CYT
RS22_YEAST,0.46,0.39,0.54,0.22,0.5,0,0.48,0.25,0,CYT
RS21_YEAST,0.42,0.5,0.64,0.13,0.5,0,0.49,0.22,0,CYT
R26A_YEAST,0.46,0.54,0.59,0.41,0.5,0,0.53,0.21,0,CYT
R26B_YEAST,0.46,0.54,0.59,0.41,0.5,0,0.53,0.21,0,CYT
R271_YEAST,0.39,0.65,0.57,0.19,0.5,0,0.44,0.25,0,CYT
R272_YEAST,0.39,0.65,0.57,0.19,0.5,0,0.43,0.25,0,CYT
RS28_YEAST,0.38,0.5,0.52,0.44,0.5,0,0.54,0.11,0,CYT
RS28_YEAST,0.38,0.5,0.52,0.44,0.5,0,0.54,0.11,0,CYT
RS3_YEAST,0.51,0.52,0.58,0.17,0.5,0,0.47,0.28,0,CYT
RS31_YEAST,0.57,0.48,0.54,0.22,0.5,0,0.5,0.11,0,CYT
RS33_YEAST,0.5,0.5,0.62,0.23,0.5,0,0.35,0.11,0,CYT
RS37_YEAST,0.41,0.49,0.65,0.28,0.5,0,0.59,0.57,0,CYT
RS4E_YEAST,0.53,0.57,0.6,0.36,0.5,0,0.5,0.22,0,CYT
RS4E_YEAST,0.53,0.57,0.6,0.36,0.5,0,0.5,0.22,0,CYT
RS8_YEAST,0.37,0.3,0.62,0.43,0.5,0,0.44,0.39,0,CYT
RS8_YEAST,0.37,0.3,0.62,0.43,0.5,0,0.44,0.39,0,CYT
R161_YEAST,0.49,0.4,0.58,0.23,0.5,0,0.47,0.27,0,CYT
R167_YEAST,0.37,0.37,0.51,0.38,0.5,0,0.44,0.22,0,CYT
FIMB_YEAST,0.51,0.4,0.5,0.28,0.5,0,0.48,0.27,0,CYT
SAC7_YEAST,0.34,0.25,0.55,0.28,0.5,0,0.51,0.49,0,CYT
SAR1_YEAST,0.59,0.54,0.53,0.14,0.5,0,0.48,0.22,0,CYT
SC25_YEAST,0.5,0.48,0.48,0.23,0.5,0,0.53,0.68,0,CYT
PRCI_YEAST,0.56,0.42,0.52,0.14,0.5,0,0.51,0.22,0,CYT
SDHL_YEAST,0.46,0.42,0.51,0.16,0.5,0,0.56,0.22,0,CYT
SEC1_YEAST,0.6,0.51,0.49,0.18,0.5,0,0.53,0.38,0,CYT
SC13_YEAST,0.49,0.38,0.56,0.09,0.5,0,0.46,0.22,0,CYT
SC14_YEAST,0.38,0.4,0.53,0.12,0.5,0,0.55,0.22,0,CYT
SC15_YEAST,0.55,0.55,0.52,0.13,0.5,0,0.53,0.25,0,CYT
SC17_YEAST,0.46,0.44,0.58,0.17,0.5,0,0.55,0.22,0,CYT
SC18_YEAST,0.34,0.46,0.52,0.19,0.5,0,0.53,0.26,0,CYT
SEC2_YEAST,0.58,0.56,0.46,0.14,0.5,0,0.51,0.22,0,CYT
SC21_YEAST,0.44,0.71,0.5,0.21,0.5,0,0.54,0.27,0,CYT
SC23_YEAST,0.41,0.49,0.47,0.09,0.5,0,0.49,0.22,0,CYT
SEC4_YEAST,0.44,0.51,0.53,0.3,0.5,0,0.53,0.22,0,CYT
PMM_YEAST,0.54,0.51,0.56,0.15,0.5,0,0.54,0.31,0,CYT
SEC6_YEAST,0.46,0.38,0.51,0.2,0.5,0,0.51,0.22,0,CYT
SC65_YEAST,0.41,0.4,0.56,0.17,0.5,0,0.56,0.22,0,CYT
SC72_YEAST,0.59,0.55,0.57,0.18,0.5,0,0.51,0.22,0,CYT
SEC8_YEAST,0.48,0.51,0.5,0.24,0.5,0,0.54,0.38,0,CYT
SEC9_YEAST,0.39,0.3,0.63,0.2,0.5,0,0.43,0.47,0,CYT
SYSC_YEAST,0.3,0.33,0.55,0.12,0.5,0,0.53,0.38,0,CYT
GLYC_YEAST,0.53,0.49,0.47,0.21,0.5,0,0.53,0.22,0,CYT
SIC1_YEAST,0.42,0.43,0.67,0.7,0.5,0,0.42,0.25,0,CYT
SIS1_YEAST,0.56,0.55,0.57,0.15,0.5,0,0.54,0.25,0,CYT
SLA1_YEAST,0.37,0.55,0.52,0.13,0.5,0,0.42,0.8,0,CYT
SLY1_YEAST,0.64,0.31,0.53,0.15,0.5,0,0.53,0.31,0,CYT
SMY1_YEAST,0.54,0.5,0.51,0.26,0.5,0,0.52,0.22,0,CYT
SMY2_YEAST,0.6,0.64,0.56,0.36,0.5,0,0.46,0.27,0,CYT
SNF1_YEAST,0.39,0.45,0.51,0.29,0.5,0,0.54,0.22,0,CYT
SNF4_YEAST,0.43,0.47,0.47,0.18,0.5,0,0.47,0.22,0,CYT
SODC_YEAST,0.55,0.57,0.51,0.07,0.5,0,0.55,0.22,0,CYT
RL35_YEAST,0.52,0.47,0.58,0.18,0.5,0,0.34,0.11,0,CYT
RL35_YEAST,0.52,0.47,0.58,0.18,0.5,0,0.34,0.11,0,CYT
SPA2_YEAST,0.5,0.45,0.51,0.19,0.5,0,0.53,0.25,0,CYT
SR14_YEAST,0.61,0.5,0.61,0.21,0.5,0,0.55,0.54,0,CYT
SR54_YEAST,0.5,0.52,0.51,0.22,0.5,0,0.46,0.37,0,CYT
SR68_YEAST,0.62,0.33,0.49,0.24,0.5,0,0.51,0.42,0,CYT
SR72_YEAST,0.56,0.52,0.46,0.17,0.5,0,0.49,0.73,0,CYT
CAP_YEAST,0.52,0.56,0.55,0.16,0.5,0,0.53,0.39,0,CYT
HS71_YEAST,0.53,0.48,0.51,0.18,0.5,0,0.52,0.27,0,CYT
HS72_YEAST,0.51,0.48,0.51,0.19,0.5,0,0.51,0.27,0,CYT
HS73_YEAST,0.51,0.48,0.51,0.26,0.5,0,0.51,0.27,0,CYT
HS74_YEAST,0.53,0.48,0.51,0.18,0.5,0,0.51,0.27,0,CYT
HS75_YEAST,0.6,0.46,0.51,0.1,0.5,0,0.48,0.31,0,CYT
HS76_YEAST,0.6,0.46,0.51,0.1,0.5,0,0.48,0.31,0,CYT
SSD1_YEAST,0.45,0.45,0.51,0.3,0.5,0,0.48,0.44,0,CYT
GBG_YEAST,0.36,0.37,0.63,0.25,0.5,0,0.3,0.22,0,CYT
ST20_YEAST,0.3,0.45,0.55,0.19,0.5,0,0.53,0.4,0,CYT
GBB_YEAST,0.44,0.4,0.53,0.19,0.5,0,0.48,0.27,0,CYT
STU1_YEAST,0.33,0.37,0.49,0.22,0.5,0,0.55,0.22,0,CYT
SUI1_YEAST,0.39,0.39,0.65,0.16,0.5,0,0.45,0.22,0,CYT
IF2A_YEAST,0.51,0.59,0.55,0.21,0.5,0,0.52,0.22,0,CYT
IF2B_YEAST,0.41,0.35,0.6,0.22,0.5,0,0.56,0.79,0,CYT
SUP1_YEAST,0.41,0.49,0.55,0.13,0.5,0,0.55,0.22,0,CYT
SUP2_YEAST,0.23,0.29,0.46,0,0.5,0,0.43,0.31,0,CYT
RS4_YEAST,0.25,0.48,0.45,0.32,0.5,0,0.4,0.22,0,CYT
RS11_YEAST,0.38,0.34,0.55,0.44,0.5,0,0.48,0.26,0,CYT
TAL1_YEAST,0.63,0.64,0.49,0.2,0.5,0,0.52,0.25,0,CYT
RL3_YEAST,0.48,0.44,0.46,0.37,0.5,0,0.46,0.36,0,CYT
TCPA_YEAST,0.5,0.49,0.46,0.22,0.5,0,0.53,0.25,0,CYT
TCPE_YEAST,0.62,0.42,0.47,0.16,0.5,0,0.52,0.22,0,CYT
TCPB_YEAST,0.5,0.45,0.52,0.18,0.5,0,0.52,0.22,0,CYT
TCPG_YEAST,0.59,0.51,0.47,0.21,0.5,0,0.47,0.22,0,CYT
TCPD_YEAST,0.39,0.47,0.49,0.2,0.5,0,0.53,0.26,0,CYT
TCPZ_YEAST,0.49,0.48,0.52,0.24,0.5,0,0.5,0.22,0,CYT
G3P1_YEAST,0.59,0.48,0.49,0.42,0.5,0,0.52,0.22,0,CYT
G3P2_YEAST,0.57,0.35,0.5,0.43,0.5,0,0.53,0.22,0,CYT
G3P3_YEAST,0.61,0.52,0.5,0.44,0.5,0,0.53,0.22,0,CYT
EF1A_YEAST,0.63,0.43,0.48,0.11,0.5,0,0.51,0.22,0,CYT
EF1A_YEAST,0.63,0.43,0.48,0.11,0.5,0,0.51,0.22,0,CYT
EF1G_YEAST,0.52,0.45,0.53,0.34,0.5,0,0.52,0.44,0,CYT
EF1H_YEAST,0.54,0.48,0.55,0.33,0.5,0,0.55,0.4,0,CYT
DKA1_YEAST,0.42,0.5,0.59,0.17,0.5,0,0.51,0.22,0,CYT
THRC_YEAST,0.54,0.55,0.55,0.4,0.5,0,0.53,0.22,0,CYT
SYTC_YEAST,0.31,0.31,0.57,0.15,0.5,0,0.5,0.22,0,CYT
IF4A_YEAST,0.38,0.42,0.5,0.19,0.5,0,0.44,0.22,0,CYT
IF1A_YEAST,0.33,0.36,0.62,0.26,0.5,0,0.55,0.22,0,CYT
IF4A_YEAST,0.38,0.42,0.5,0.19,0.5,0,0.44,0.22,0,CYT
TIF3_YEAST,0.47,0.56,0.58,0.19,0.5,0,0.44,0.64,0,CYT
IF41_YEAST,0.32,0.32,0.52,0.18,0.5,0,0.48,0.34,0,CYT
IF42_YEAST,0.28,0.27,0.5,0.14,0.5,0,0.5,0.28,0,CYT
IF5_YEAST,0.41,0.46,0.57,0.25,0.5,0,0.57,0.38,0,CYT
IF52_YEAST,0.44,0.54,0.51,0.16,0.5,0,0.58,0.22,0,CYT
IF51_YEAST,0.44,0.55,0.51,0.16,0.5,0,0.6,0.22,0,CYT
TP20_YEAST,0.4,0.56,0.53,0.15,0.5,0,0.49,0.22,0,CYT
TKT1_YEAST,0.58,0.55,0.51,0.13,0.5,0,0.52,0.22,0,CYT
TKT2_YEAST,0.55,0.69,0.51,0.12,0.5,0,0.51,0.22,0,CYT
TPIS_YEAST,0.44,0.49,0.49,0.27,0.5,0,0.52,0.22,0,CYT
KAPA_YEAST,0.25,0.26,0.53,0.17,0.5,0,0.45,0.22,0,CYT
KAPB_YEAST,0.49,0.46,0.54,0.18,0.5,0,0.35,0.22,0,CYT
KAPC_YEAST,0.42,0.37,0.54,0.17,0.5,0,0.51,0.22,0,CYT
TPM1_YEAST,0.42,0.45,0.75,0.21,0.5,0,0.48,0.22,0,CYT
TPM2_YEAST,0.39,0.45,0.75,0.17,0.5,0,0.51,0.22,0,CYT
TPS1_YEAST,0.63,0.54,0.53,0.27,0.5,0,0.49,0.22,0,CYT
TPS2_YEAST,0.54,0.43,0.48,0.27,0.5,0,0.44,0.41,0,CYT
TPS3_YEAST,0.4,0.44,0.5,0.13,0.5,0,0.52,0.39,0,CYT
TRPF_YEAST,0.62,0.6,0.54,0.22,0.5,0,0.54,0.27,0,CYT
TRPE_YEAST,0.33,0.46,0.53,0.12,0.5,0,0.5,0.27,0,CYT
TRPG_YEAST,0.57,0.36,0.51,0.25,0.5,0,0.54,0.25,0,CYT
TRPD_YEAST,0.45,0.76,0.51,0.25,0.5,0,0.59,0.22,0,CYT
TRP_YEAST,0.48,0.44,0.51,0.24,0.5,0,0.49,0.22,0,CYT
TSA_YEAST,0.59,0.64,0.44,0.26,0.5,0,0.5,0.22,0,CYT
TSL1_YEAST,0.79,0.56,0.53,0.19,0.5,0,0.47,0.35,0,CYT
GLRX_YEAST,0.52,0.5,0.6,0.2,0.5,0,0.52,0.22,0,CYT
TBA1_YEAST,0.59,0.46,0.57,0.17,0.5,0,0.52,0.22,0,CYT
TBB_YEAST,0.53,0.42,0.53,0.19,0.5,0,0.47,0.22,0,CYT
TBA3_YEAST,0.59,0.46,0.55,0.17,0.5,0,0.52,0.25,0,CYT
TYR1_YEAST,0.66,0.54,0.53,0.17,0.5,0,0.54,0.22,0,CYT
UBA1_YEAST,0.52,0.51,0.48,0.12,0.5,0,0.54,0.31,0,CYT
UBC1_YEAST,0.56,0.46,0.51,0.25,0.5,0,0.54,0.22,0,CYT
UBC4_YEAST,0.47,0.46,0.49,0.27,0.5,0,0.59,0.22,0,CYT
UBC5_YEAST,0.5,0.46,0.49,0.27,0.5,0,0.6,0.22,0,CYT
UBC7_YEAST,0.5,0.44,0.57,0.28,0.5,0,0.57,0.22,0,CYT
UBIQ_YEAST,0.46,0.47,0.62,0.3,0.5,0,0.38,0.22,0,CYT
UBP1_YEAST,0.59,0.7,0.46,0.19,0.5,0,0.54,0.44,0,CYT
UBP2_YEAST,0.19,0.41,0.55,0.13,0.5,0,0.52,0.25,0,CYT
UBP3_YEAST,0.27,0.43,0.5,0.13,0.5,0,0.54,0.31,0,CYT
UBR1_YEAST,0.42,0.46,0.44,0.17,0.5,0,0.51,0.42,0,CYT
PYRD_YEAST,0.48,0.39,0.56,0.23,0.5,0,0.6,0.22,0,CYT
UMPK_YEAST,0.47,0.59,0.56,0.09,0.5,0,0.5,0.22,0,CYT
RL21_YEAST,0.4,0.28,0.58,0.44,0.5,0,0.41,0.22,0,CYT
RSU2_YEAST,0.54,0.35,0.55,0.19,0.5,0,0.3,0.22,0,CYT
SYV_YEAST,0.51,0.49,0.48,0.55,0.5,0,0.52,0.58,0,CYT
VPS1_YEAST,0.5,0.55,0.52,0.16,0.5,0,0.51,0.31,0,CYT
VP15_YEAST,0.65,0.63,0.47,0.22,0.5,0,0.52,0.27,0,CYT
VP16_YEAST,0.41,0.48,0.51,0.2,0.5,0,0.51,0.22,0,CYT
VP17_YEAST,0.25,0.4,0.54,0.16,0.5,0,0.43,0.22,0,CYT
YP51_YEAST,0.63,0.56,0.52,0.21,0.5,0,0.5,0.22,0,CYT
SLP1_YEAST,0.56,0.68,0.42,0.36,0.5,0,0.49,0.22,0,CYT
VP45_YEAST,0.46,0.52,0.51,0.13,0.5,0,0.47,0.22,0,CYT
VRP1_YEAST,0.5,0.4,0.57,0.17,0.5,0,0.59,0.22,0,CYT
AP17_YEAST,0.53,0.52,0.49,0.27,0.5,0,0.51,0.22,0,CYT
AP19_YEAST,0.5,0.47,0.56,0.31,0.5,0,0.56,0.26,0,CYT
RL3P_YEAST,0.24,0.25,0.57,0.28,0.5,0,0.51,0.11,0,CYT
YCK2_YEAST,0.59,0.48,0.49,0.49,0.5,0,0.36,0.32,0,CYT
MAS5_YEAST,0.64,0.44,0.56,0.15,0.5,0,0.56,0.22,0,CYT
EF3_YEAST,0.48,0.58,0.47,0.17,0.5,0,0.53,0.74,0,CYT
YIF2_YEAST,0.47,0.5,0.6,0.63,0.5,0,0.38,0.16,0,CYT
TCTP_YEAST,0.47,0.38,0.58,0.19,0.5,0,0.57,0.22,0,CYT
YKM9_YEAST,0.41,0.45,0.46,0.23,0.5,0,0.5,0.7,0,CYT
RL13_YEAST,0.38,0.48,0.57,0.3,0.5,0,0.41,0.11,0,CYT
YPT1_YEAST,0.6,0.61,0.54,0.11,0.5,0,0.46,0.22,0,CYT
YP52_YEAST,0.48,0.61,0.57,0.17,0.5,0,0.45,0.22,0,CYT
YP53_YEAST,0.71,0.5,0.5,0.18,0.5,0,0.46,0.22,0,CYT
YPT7_YEAST,0.61,0.48,0.54,0.25,0.5,0,0.5,0.22,0,CYT
R29A_YEAST,0.38,0.32,0.64,0.41,0.5,0,0.44,0.11,0,CYT
R29B_YEAST,0.38,0.4,0.66,0.35,0.5,0,0.43,0.11,0,CYT
G6PD_YEAST,0.65,0.54,0.54,0.13,0.5,0,0.53,0.22,0,CYT
AAR2_YEAST,0.58,0.44,0.57,0.13,0.5,0,0.54,0.22,1,NUC
BAF1_YEAST,0.48,0.45,0.59,0.2,0.5,0,0.58,0.34,1,NUC
ACE1_YEAST,0.43,0.39,0.54,0.21,0.5,0,0.53,0.27,1,NUC
ACE2_YEAST,0.42,0.37,0.59,0.2,0.5,0,0.52,0.29,1,NUC
ACT3_YEAST,0.58,0.47,0.54,0.11,0.5,0,0.51,0.26,1,NUC
ACT5_YEAST,0.5,0.34,0.55,0.21,0.5,0,0.49,0.22,1,NUC
ADA2_YEAST,0.61,0.6,0.55,0.21,0.5,0,0.5,0.25,1,NUC
ADR1_YEAST,0.53,0.54,0.43,0.1,0.5,0,0.57,0.32,1,NUC
RCS1_YEAST,0.33,0.55,0.51,0.43,0.5,0,0.51,0.22,1,NUC
ANC1_YEAST,0.53,0.31,0.58,0.39,0.5,0,0.47,0.37,1,NUC
APN1_YEAST,0.45,0.46,0.55,0.43,0.5,0,0.55,0.38,1,NUC
ARG1_YEAST,0.37,0.32,0.47,0.18,0.5,0,0.45,0.25,1,NUC
ARG2_YEAST,0.48,0.43,0.51,0.32,0.5,0,0.52,0.43,1,NUC
ARG3_YEAST,0.41,0.46,0.59,0.19,0.5,0,0.58,0.27,1,NUC
BAS1_YEAST,0.5,0.52,0.59,0.3,0.5,0,0.51,0.35,1,NUC
BDF1_YEAST,0.33,0.43,0.64,0.16,0.5,0,0.52,0.52,1,NUC
CAD1_YEAST,0.48,0.23,0.57,0.27,0.5,0,0.48,0.47,1,NUC
CAT8_YEAST,0.44,0.52,0.41,0.23,0.5,0,0.51,0.22,1,NUC
CBF1_YEAST,0.3,0.32,0.57,0.19,0.5,0,0.48,0.55,1,NUC
CB32_YEAST,0.4,0.44,0.49,0.47,0.5,0,0.49,0.27,1,NUC
CBF5_YEAST,0.45,0.51,0.5,0.16,0.5,0,0.52,1,1,NUC
CCL1_YEAST,0.4,0.38,0.53,0.16,0.5,0,0.52,0.27,1,NUC
CCR4_YEAST,0.53,0.51,0.55,0.05,0.5,0,0.45,0.25,1,NUC
CC16_YEAST,0.62,0.51,0.52,0.42,0.5,0,0.54,0.27,1,NUC
CC23_YEAST,0.35,0.58,0.54,0.16,0.5,0,0.51,0.22,1,NUC
CC27_YEAST,0.48,0.54,0.5,0.17,0.5,0,0.53,0.22,1,NUC
CC31_YEAST,0.47,0.32,0.64,0.3,0.5,0,0.63,0.22,1,NUC
UBC3_YEAST,0.58,0.48,0.51,0.47,0.5,0,0.55,0.22,1,NUC
NOT2_YEAST,0.64,0.6,0.57,0.19,0.5,0,0.43,0.22,1,NUC
NOT1_YEAST,0.37,0.46,0.4,0.27,0.5,0,0.45,0.22,1,NUC
CC40_YEAST,0.28,0.37,0.61,0.09,0.5,0,0.52,0.55,1,NUC
RFC1_YEAST,0.26,0.36,0.47,0.34,0.5,0,0.53,0.72,1,NUC
CC46_YEAST,0.51,0.34,0.5,0.19,0.5,0,0.5,0.22,1,NUC
YB52_YEAST,0.58,0.5,0.5,0.12,0.5,0,0.48,0.25,1,NUC
CC6_YEAST,0.41,0.39,0.44,0.34,0.5,0,0.48,0.4,1,NUC
CC68_YEAST,0.36,0.68,0.46,0.16,0.5,0,0.53,0.28,1,NUC
CC7_YEAST,0.42,0.31,0.5,0.15,0.5,0,0.53,0.22,1,NUC
DNLI_YEAST,0.67,0.71,0.52,0.65,0.5,0,0.53,0.36,1,NUC
MCE1_YEAST,0.49,0.47,0.53,0.16,0.5,0,0.48,0.27,1,NUC
CHL1_YEAST,0.42,0.51,0.5,0.12,0.5,0,0.52,0.46,1,NUC
CHL4_YEAST,0.57,0.51,0.53,0.18,0.5,0,0.56,0.25,1,NUC
CIK1_YEAST,0.31,0.44,0.53,0.23,0.5,0,0.51,0.32,1,NUC
KC21_YEAST,0.31,0.31,0.56,0.33,0.5,0,0.52,0.33,1,NUC
KC22_YEAST,0.49,0.31,0.49,0.35,0.5,0,0.51,0.29,1,NUC
KC2C_YEAST,0.38,0.37,0.56,0.21,0.5,0,0.49,0.22,1,NUC
CRM1_YEAST,0.56,0.52,0.48,0.17,0.5,0,0.46,0.22,1,NUC
CSE1_YEAST,0.58,0.56,0.45,0.12,0.5,0,0.51,0.22,1,NUC
CSE2_YEAST,0.53,0.38,0.66,0.25,0.5,0,0.43,0.22,1,NUC
YKE9_YEAST,0.34,0.36,0.54,0.11,0.5,0,0.36,0.21,1,NUC
CB33_YEAST,0.41,0.45,0.53,0.17,0.5,0,0.51,0.25,1,NUC
CTK1_YEAST,0.31,0.46,0.54,0.52,0.5,0,0.5,0.34,1,NUC
DA80_YEAST,0.59,0.58,0.56,0.21,0.5,0,0.54,0.33,1,NUC
DA81_YEAST,0.39,0.28,0.46,0.12,0.5,0,0.41,0.22,1,NUC
DA82_YEAST,0.56,0.43,0.54,0.16,0.5,0,0.5,0.22,1,NUC
DATI_YEAST,0.27,0.36,0.6,0.33,0.5,0,0.37,0.31,1,NUC
DBF4_YEAST,0.35,0.4,0.59,0.22,0.5,0,0.47,0.37,1,NUC
DBP1_YEAST,0.42,0.32,0.5,0.21,0.5,0,0.51,0.22,1,NUC
DBP2_YEAST,0.23,0.2,0.53,0.2,0.5,0,0.44,0.22,1,NUC
DBR1_YEAST,0.55,0.54,0.56,0.22,0.5,0,0.5,0.37,1,NUC
DED1_YEAST,0.36,0.24,0.49,0.16,0.5,0,0.51,0.22,1,NUC
DYHC_YEAST,0.6,0.56,0.47,0.2,0.5,0,0.5,0.38,1,NUC
DHH1_YEAST,0.41,0.24,0.54,0.26,0.5,0,0.41,0.22,1,NUC
DMC1_YEAST,0.43,0.39,0.54,0.14,0.5,0,0.47,0.22,1,NUC
DPB2_YEAST,0.5,0.51,0.52,0.09,0.5,0,0.48,0.25,1,NUC
DPB3_YEAST,0.53,0.61,0.52,0.21,0.5,0,0.55,0.3,1,NUC
DRS1_YEAST,0.46,0.43,0.49,0.79,0.5,0,0.49,0.63,1,NUC
TFS2_YEAST,0.61,0.3,0.59,0.12,0.5,0,0.49,0.27,1,NUC
DUN1_YEAST,0.37,0.53,0.46,0.23,0.5,0,0.47,0.22,1,NUC
EGD1_YEAST,0.35,0.39,0.57,0.11,0.5,0,0.48,0.22,1,NUC
ESP1_YEAST,0.55,0.46,0.46,0.31,0.5,0,0.58,0.48,1,NUC
EST1_YEAST,0.35,0.6,0.47,0.13,0.5,0,0.52,0.43,1,NUC
FHL1_YEAST,0.33,0.44,0.49,0.08,0.5,0,0.48,0.49,1,NUC
FKB3_YEAST,0.54,0.57,0.52,0.19,0.5,0,0.59,0.67,1,NUC
FZF1_YEAST,0.37,0.43,0.62,0.27,0.5,0,0.48,0.22,1,NUC
GALY_YEAST,0.56,0.59,0.53,0.16,0.5,0,0.24,0.42,1,NUC
GAL4_YEAST,0.44,0.44,0.49,0.15,0.5,0,0.46,0.27,1,NUC
GAL8_YEAST,0.6,0.6,0.49,0.3,0.5,0,0.53,0.22,1,NUC
GAR1_YEAST,0.35,0.68,0.57,0.4,0.5,0,0.53,0.36,1,NUC
GBP2_YEAST,0.23,0.3,0.58,0.22,0.5,0,0.48,0.27,1,NUC
GCN4_YEAST,0.56,0.54,0.59,0.14,0.5,0,0.52,0.27,1,NUC
GCN5_YEAST,0.31,0.31,0.54,0.18,0.5,0,0.52,0.29,1,NUC
GCR1_YEAST,0.27,0.51,0.47,0.35,0.5,0,0.49,0.28,1,NUC
GCR2_YEAST,0.54,0.56,0.57,0.18,0.5,0,0.45,0.25,1,NUC
GCR3_YEAST,0.17,0.38,0.45,0.09,0.5,0,0.54,0.27,1,NUC
GCS1_YEAST,0.43,0.51,0.54,0.15,0.5,0,0.45,0.26,1,NUC
GLN3_YEAST,0.43,0.54,0.58,0.16,0.5,0,0.5,0.36,1,NUC
GLO3_YEAST,0.34,0.66,0.51,0.16,0.5,0,0.47,0.33,1,NUC
PHO2_YEAST,0.4,0.34,0.52,0.17,0.5,0,0.47,0.51,1,NUC
GSP1_YEAST,0.58,0.48,0.56,0.1,0.5,0,0.46,0.25,1,NUC
GSP2_YEAST,0.58,0.48,0.56,0.12,0.5,0,0.46,0.25,1,NUC
GTS1_YEAST,0.41,0.6,0.53,0.29,0.5,0,0.47,0.43,1,NUC
CYP1_YEAST,0.6,0.48,0.44,0.52,0.5,0,0.54,0.63,1,NUC
HAP2_YEAST,0.47,0.49,0.63,0.17,0.5,0,0.31,0.26,1,NUC
HAP3_YEAST,0.28,0.51,0.55,0.11,0.5,0,0.46,0.22,1,NUC
HAP4_YEAST,0.56,0.57,0.63,0.39,1,0,0.59,0.4,1,NUC
HCM1_YEAST,0.46,0.57,0.57,0.15,0.5,0,0.52,0.26,1,NUC
HDF1_YEAST,0.43,0.42,0.54,0.22,0.5,0,0.57,0.33,1,NUC
HEX2_YEAST,0.44,0.42,0.62,0.14,0.5,0,0.55,0.37,1,NUC
H4_YEAST,0.37,0.34,0.58,0.24,0.5,0,0.44,0.18,1,NUC
H4_YEAST,0.37,0.34,0.58,0.24,0.5,0,0.44,0.18,1,NUC
H3_YEAST,0.39,0.39,0.55,0.52,0.5,0,0.37,0.16,1,NUC
H3_YEAST,0.39,0.39,0.55,0.52,0.5,0,0.37,0.16,1,NUC
HIR1_YEAST,0.48,0.57,0.5,0.09,0.5,0,0.52,0.42,1,NUC
HIR2_YEAST,0.61,0.57,0.45,0.21,0.5,0,0.5,0.42,1,NUC
MAT1_YEAST,0.37,0.22,0.64,0.35,0.5,0,0.47,0.22,1,NUC
MAT2_YEAST,0.51,0.48,0.58,0.22,0.5,0,0.5,0.28,1,NUC
MTA1_YEAST,0.49,0.37,0.59,0.17,0.5,0,0.51,0.22,1,NUC
MAT2_YEAST,0.51,0.48,0.58,0.22,0.5,0,0.5,0.28,1,NUC
HO_YEAST,0.53,0.53,0.53,0.17,0.5,0,0.49,0.37,1,NUC
HOP1_YEAST,0.29,0.68,0.47,0.26,0.5,0,0.47,0.37,1,NUC
HPR1_YEAST,0.5,0.45,0.49,0.15,0.5,0,0.55,0.43,1,NUC
HR25_YEAST,0.43,0.39,0.51,0.28,0.5,0,0.4,0.22,1,NUC
HSF_YEAST,0.34,0.35,0.61,0.19,0.5,0,0.52,0.25,1,NUC
H2A1_YEAST,0.44,0.53,0.52,0.37,0.5,0,0.5,0.22,1,NUC
H2A2_YEAST,0.44,0.53,0.52,0.37,0.5,0,0.5,0.22,1,NUC
H2B1_YEAST,0.32,0.34,0.61,0.17,0.5,0,0.52,0.32,1,NUC
H2B2_YEAST,0.34,0.34,0.61,0.18,0.5,0,0.52,0.32,1,NUC
IME1_YEAST,0.54,0.45,0.62,0.13,0.5,0,0.52,0.26,1,NUC
INO2_YEAST,0.56,0.45,0.59,0.14,0.5,0,0.51,0.26,1,NUC
INO4_YEAST,0.45,0.38,0.59,0.18,0.5,0,0.44,0.45,1,NUC
IXR1_YEAST,0.42,0.32,0.61,0.13,0.5,0,0.14,0.27,1,NUC
YJ16_YEAST,0.5,0.45,0.49,0.3,0.5,0,0.47,0.4,1,NUC
KAR1_YEAST,0.23,0.34,0.41,0.28,0.5,0,0.5,0.27,1,NUC
KAR3_YEAST,0.34,0.31,0.6,0.37,0.5,0,0.5,0.3,1,NUC
KEM1_YEAST,0.59,0.53,0.47,0.26,0.5,0,0.53,0.31,1,NUC
KI28_YEAST,0.57,0.49,0.48,0.16,0.5,0,0.51,0.22,1,NUC
SMI1_YEAST,0.43,0.32,0.56,0.27,0.5,0,0.47,0.27,1,NUC
KSS1_YEAST,0.52,0.48,0.54,0.28,0.5,0,0.54,0.22,1,NUC
LAS1_YEAST,0.43,0.38,0.51,0.24,0.5,0,0.46,0.33,1,NUC
LEUR_YEAST,0.44,0.41,0.44,0.13,0.5,0,0.49,0.42,1,NUC
LOS1_YEAST,0.53,0.44,0.47,0.22,0.5,0,0.53,0.22,1,NUC
LY14_YEAST,0.44,0.53,0.43,0.17,0.5,0,0.54,0.75,1,NUC
MAC1_YEAST,0.52,0.49,0.57,0.57,0.5,0,0.51,0.22,1,NUC
MAD1_YEAST,0.62,0.64,0.56,0.2,0.5,0,0.48,0.33,1,NUC
MAG_YEAST,0.46,0.32,0.58,0.17,0.5,0,0.61,0.25,1,NUC
MK16_YEAST,0.49,0.62,0.65,0.18,0.5,0,0.46,0.43,1,NUC
MA3R_YEAST,0.33,0.37,0.54,0.28,0.5,0,0.53,0.27,1,NUC
MA6R_YEAST,0.33,0.38,0.53,0.26,0.5,0,0.52,0.27,1,NUC
MBP1_YEAST,0.5,0.49,0.52,0.2,0.5,0,0.43,0.52,1,NUC
MCM1_YEAST,0.18,0.48,0.46,0.12,0.5,0,0,0.25,1,NUC
MCM2_YEAST,0.26,0.38,0.52,0.36,0.5,0,0.48,0.56,1,NUC
MCM3_YEAST,0.53,0.51,0.51,0.11,0.5,0,0.49,0.41,1,NUC
MDS1_YEAST,0.46,0.57,0.52,0.28,0.5,0,0.52,0.22,1,NUC
MEIX_YEAST,0.7,0.53,0.42,0.22,0.5,0,0.51,0.28,1,NUC
MER1_YEAST,0.55,0.49,0.45,0.18,0.5,0,0.49,0.22,1,NUC
MER2_YEAST,0.4,0.53,0.61,0.21,0.5,0,0.48,0.33,1,NUC
MT28_YEAST,0.43,0.83,0.55,0.2,0.5,0,0.47,0.4,1,NUC
MET4_YEAST,0.55,0.65,0.5,0.28,0.5,0,0.55,0.22,1,NUC
MGMT_YEAST,0.54,0.52,0.54,0.2,0.5,0,0.55,0.25,1,NUC
MIF2_YEAST,0.37,0.31,0.53,0.16,0.5,0,0.53,0.44,1,NUC
MIG1_YEAST,0.43,0.39,0.59,0.13,0.5,0,0.41,0.43,1,NUC
MLH1_YEAST,0.66,0.54,0.49,0.16,0.5,0,0.54,0.36,1,NUC
MOT1_YEAST,0.58,0.46,0.46,0.34,0.5,0,0.5,0.43,1,NUC
MR11_YEAST,0.39,0.3,0.56,0.12,0.5,0,0.53,0.38,1,NUC
MSH2_YEAST,0.32,0.45,0.44,0.2,0.5,0,0.55,0.33,1,NUC
MSH3_YEAST,0.51,0.6,0.51,0.26,0.5,0,0.54,0.22,1,NUC
MSH4_YEAST,0.49,0.46,0.42,0.46,0.5,0,0.55,0.22,1,NUC
MSN1_YEAST,0.52,0.38,0.62,0.12,0.5,0,0.41,0.28,1,NUC
MSN2_YEAST,0.53,0.4,0.57,0.12,0.5,0,0.53,0.32,1,NUC
MSN4_YEAST,0.51,0.56,0.62,0.24,0.5,0,0.52,0.51,1,NUC
RU1A_YEAST,0.47,0.46,0.55,0.28,0.5,0,0.44,0.46,1,NUC
YKH4_YEAST,0.39,0.35,0.49,0.17,0.5,0,0.49,0.22,1,NUC
YN46_YEAST,0.58,0.56,0.52,0.25,0.5,0,0.57,0.35,1,NUC
NAB2_YEAST,0.56,0.63,0.52,0.2,0.5,0,0.34,0.26,1,NUC
NAB3_YEAST,0.42,0.28,0.57,0.18,0.5,0,0.42,0.22,1,NUC
NAP1_YEAST,0.36,0.39,0.55,0.26,0.5,0,0.49,0.22,1,NUC
NDC1_YEAST,0.47,0.59,0.37,0.31,0.5,0,0.51,0.36,1,NUC
CB31_YEAST,0.48,0.62,0.52,0.3,0.5,0,0.51,0.37,1,NUC
NFS1_YEAST,0.48,0.54,0.53,0.6,0.5,0,0.53,0.31,1,NUC
ADA3_YEAST,0.33,0.46,0.53,0.29,0.5,0,0.5,0.55,1,NUC
NHP2_YEAST,0.36,0.44,0.51,0.17,0.5,0,0.6,0.19,1,NUC
NHPA_YEAST,0.39,0.34,0.68,0.3,0.5,0,0.5,0.29,1,NUC
NHPB_YEAST,0.11,0.41,0.67,0.13,0.5,0,0.45,0.29,1,NUC
NI96_YEAST,0.4,0.53,0.44,0.18,0.5,0,0.54,0.31,1,NUC
NMD2_YEAST,0.36,0.3,0.5,0.19,0.5,0,0.55,0.3,1,NUC
FBRL_YEAST,0.35,0.44,0.54,0.26,0.5,0,0.52,0.26,1,NUC
NOP2_YEAST,0.43,0.28,0.53,0.34,0.5,0,0.55,0.57,1,NUC
NOP4_YEAST,0.33,0.48,0.55,0.16,0.5,0,0.53,0.75,1,NUC
NOT3_YEAST,0.45,0.21,0.49,0.24,0.5,0,0.46,0.31,1,NUC
NOP3_YEAST,0.44,0.34,0.61,0.13,0.5,0,0.49,0.26,1,NUC
NSP1_YEAST,0.87,0.47,0.6,0.47,0.5,0,0.59,0.22,1,NUC
NSR1_YEAST,0.3,0.55,0.58,0.16,0.5,0,0.61,0.28,1,NUC
RNC1_YEAST,0.47,0.47,0.5,0.15,0.5,0,0.5,0.48,1,NUC
NUF1_YEAST,0.51,0.34,0.49,0.16,0.5,0,0.53,0.21,1,NUC
NUF2_YEAST,0.64,0.76,0.51,0.18,0.5,0,0.46,0.22,1,NUC
NUP1_YEAST,0.45,0.41,0.58,0.48,0.5,0,0.53,0.64,1,NUC
N100_YEAST,0.9,0.54,0.59,0.2,0.5,0,0.48,0.22,1,NUC
N116_YEAST,0.88,0.59,0.54,0.39,0.5,0,0.41,0.3,1,NUC
YK62_YEAST,0.7,0.51,0.47,0.24,0.5,0,0.53,0.25,1,NUC
NUP2_YEAST,0.25,0.36,0.58,0.3,0.5,0,0.58,0.31,1,NUC
NU49_YEAST,0.69,0.62,0.49,0,1,0,0.47,0.22,1,NUC
OPI1_YEAST,0.58,0.51,0.56,0.16,0.5,0,0.34,0.22,1,NUC
ORC2_YEAST,0.39,0.42,0.49,0.1,0.5,0,0.49,0.65,1,NUC
YHR8_YEAST,0.31,0.42,0.48,0.17,0.5,0,0.49,0.53,1,NUC
PAP_YEAST,0.64,0.52,0.5,0.26,0.5,0,0.51,0.31,1,NUC
PDR1_YEAST,0.33,0.38,0.45,0.19,0.5,0,0.54,0.37,1,NUC
PDR3_YEAST,0.61,0.46,0.44,0.47,0.5,0,0.5,0.37,1,NUC
PDS1_YEAST,0.37,0.42,0.6,0.13,0.5,0,0.51,0.22,1,NUC
PES4_YEAST,0.67,0.46,0.58,0.3,0.5,0,0.57,0.27,1,NUC
PGD1_YEAST,0.41,0.48,0.54,0.24,0.5,0,0.37,0.51,1,NUC
PHD1_YEAST,0.48,0.46,0.58,0.26,0.5,0,0.44,0.22,1,NUC
PHO4_YEAST,0.44,0.42,0.57,0.22,0.5,0,0.5,0.25,1,NUC
PH80_YEAST,0.53,0.54,0.43,0.18,0.5,0,0.53,0.31,1,NUC
PH85_YEAST,0.4,0.37,0.54,0.13,0.5,0,0.48,0.22,1,NUC
PHR_YEAST,0.5,0.42,0.57,0.49,0.5,0,0.48,0.27,1,NUC
PIK1_YEAST,0.45,0.4,0.43,0.22,0.5,0,0.51,0.48,1,NUC
PMS1_YEAST,0.38,0.48,0.51,0.13,0.5,0,0.5,0.32,1,NUC
POB1_YEAST,0.49,0.48,0.52,0.2,0.5,0,0.55,0.22,1,NUC
DPOA_YEAST,0.36,0.39,0.54,0.16,0.5,0,0.5,0.28,1,NUC
DPO2_YEAST,0.54,0.53,0.48,0.14,0.5,0,0.49,0.33,1,NUC
DPOE_YEAST,0.37,0.48,0.5,0.26,0.5,0,0.52,0.39,1,NUC
DPOD_YEAST,0.25,0.39,0.5,0.23,0.5,0,0.5,0.28,1,NUC
PCNA_YEAST,0.49,0.71,0.54,0.13,0.5,0,0.58,0.22,1,NUC
DPO4_YEAST,0.56,0.5,0.56,0.26,0.5,0,0.53,0.27,1,NUC
P152_YEAST,0.41,0.53,0.41,0.15,0.5,0,0.54,0.25,1,NUC
POP2_YEAST,0.5,0.45,0.53,0.21,0.5,0,0.28,0.22,1,NUC
PPR1_YEAST,0.42,0.28,0.51,0.23,0.5,0,0.53,0.27,1,NUC
PRI1_YEAST,0.33,0.35,0.56,0.19,0.5,0,0.5,0.22,1,NUC
PRI2_YEAST,0.45,0.48,0.56,0.56,0.5,0,0.47,0.22,1,NUC
PR16_YEAST,0.56,0.59,0.54,0.18,0.5,0,0.48,0.46,1,NUC
PR18_YEAST,0.33,0.39,0.52,0.09,0.5,0,0.47,0.28,1,NUC
PR19_YEAST,0.48,0.41,0.54,0.39,0.5,0,0.51,0.22,1,NUC
PR02_YEAST,0.3,0.3,0.46,0.32,0.5,0,0.45,0.22,1,NUC
PR21_YEAST,0.38,0.26,0.6,0.1,0.5,0,0.48,0.44,1,NUC
PR22_YEAST,0.68,0.39,0.5,0.15,0.5,0,0.48,0.37,1,NUC
PR28_YEAST,0.62,0.41,0.52,0.17,0.5,0,0.48,0.22,1,NUC
PR38_YEAST,0.52,0.37,0.48,0.13,0.5,0,0.55,0.22,1,NUC
PR39_YEAST,0.32,0.48,0.49,0.17,0.5,0,0.47,0.22,1,NUC
PR04_YEAST,0.34,0.35,0.58,0.2,0.5,0,0.46,0.32,1,NUC
PR05_YEAST,0.33,0.21,0.53,0.15,1,0,0.52,0.5,1,NUC
PR06_YEAST,0.49,0.45,0.57,0.24,0.5,0,0.47,0.38,1,NUC
PR08_YEAST,0.4,0.28,0.48,0.06,0.5,0,0.49,0.42,1,NUC
PR09_YEAST,0.51,0.39,0.56,0.25,0.5,0,0.51,0.33,1,NUC
SNM1_YEAST,0.37,0.44,0.51,0.56,0.5,0,0.5,0.38,1,NUC
PUT3_YEAST,0.29,0.4,0.41,0.48,0.5,0,0.53,0.3,1,NUC
RAD1_YEAST,0.24,0.41,0.47,0.16,0.5,0,0.51,0.38,1,NUC
RA10_YEAST,0.61,0.39,0.53,0.14,0.5,0,0.43,0.26,1,NUC
RA14_YEAST,0.39,0.16,0.59,0.08,0.5,0,0.51,0.27,1,NUC
RA16_YEAST,0.33,0.28,0.5,0.4,0.5,0,0.46,0.61,1,NUC
RA18_YEAST,0.51,0.55,0.56,0.18,0.5,0,0.5,0.38,1,NUC
RAD2_YEAST,0.39,0.44,0.54,0.24,0.5,0,0.51,0.49,1,NUC
RA23_YEAST,0.43,0.48,0.53,0.18,0.5,0,0.46,0.22,1,NUC
RA26_YEAST,0.47,0.43,0.48,0.16,0.5,0,0.46,0.27,1,NUC
RAD3_YEAST,0.52,0.5,0.51,0.2,0.5,0,0.51,0.22,1,NUC
RAD4_YEAST,0.33,0.28,0.52,0.15,0.5,0,0.51,0.86,1,NUC
RAD5_YEAST,0.36,0.48,0.5,0.13,0.5,0,0.49,0.6,1,NUC
RA50_YEAST,0.45,0.54,0.49,0.29,0.5,0,0.49,0.25,1,NUC
RA51_YEAST,0.55,0.59,0.53,0.15,0.5,0,0.49,0.22,1,NUC
RA52_YEAST,0.31,0.39,0.55,0.28,0.5,0,0.46,0.31,1,NUC
RA54_YEAST,0.43,0.41,0.51,0.34,0.5,0,0.49,0.28,1,NUC
RA55_YEAST,0.64,0.5,0.53,0.1,0.5,0,0.51,0.22,1,NUC
RA57_YEAST,0.41,0.52,0.56,0.26,0.5,0,0.48,0.32,1,NUC
UBC2_YEAST,0.48,0.47,0.59,0.41,0.5,0,0.56,0.27,1,NUC
RAD7_YEAST,0.49,0.49,0.51,0.29,0.5,0,0.52,0.71,1,NUC
RAD9_YEAST,0.41,0.52,0.51,0.22,0.5,0,0.52,0.44,1,NUC
SRS2_YEAST,0.51,0.61,0.5,0.23,0.5,0,0.52,0.61,1,NUC
RAP1_YEAST,0.54,0.53,0.53,0.17,0.5,0,0.51,0.39,1,NUC
RAT1_YEAST,0.53,0.46,0.54,0.37,0.5,0,0.51,0.3,1,NUC
REB1_YEAST,0.58,0.31,0.6,0.12,0.5,0,0.47,0.33,1,NUC
R102_YEAST,0.49,0.67,0.5,0.28,0.5,0,0.43,0.22,1,NUC
R104_YEAST,0.44,0.33,0.55,0.16,0.5,0,0.49,0.22,1,NUC
R114_YEAST,0.44,0.45,0.53,0.19,0.5,0,0.41,0.28,1,NUC
RED1_YEAST,0.57,0.55,0.52,0.16,0.5,0,0.49,0.39,1,NUC
DPOX_YEAST,0.32,0.49,0.53,0.28,0.5,0,0.5,0.5,1,NUC
RFA1_YEAST,0.35,0.42,0.56,0.28,0.5,0,0.47,0.22,1,NUC
RFA2_YEAST,0.46,0.41,0.58,0.1,0.5,0,0.48,0.22,1,NUC
RFA3_YEAST,0.57,0.51,0.58,0.22,0.5,0,0.51,0.22,1,NUC
RFC2_YEAST,0.47,0.47,0.54,0.19,0.5,0,0.51,0.33,1,NUC
RFC3_YEAST,0.34,0.58,0.5,0.26,0.5,0,0.51,0.22,1,NUC
RFC4_YEAST,0.55,0.45,0.58,0.25,0.5,0,0.49,0.22,1,NUC
RFT1_YEAST,0.4,0.66,0.34,0.21,0.5,0,0.52,0.26,1,NUC
RGM1_YEAST,0.42,0.21,0.59,0.3,0.5,0,0.47,0.27,1,NUC
RIF1_YEAST,0.35,0.4,0.44,0.25,0.5,0,0.53,0.57,1,NUC
RME1_YEAST,0.45,0.49,0.57,0.25,0.5,0,0.48,0.22,1,NUC
RN12_YEAST,0.56,0.51,0.32,0.49,0.5,0,0.48,0.22,1,NUC
RN14_YEAST,0.37,0.58,0.5,0.22,0.5,0,0.47,0.22,1,NUC
RN15_YEAST,0.47,0.45,0.51,0.33,0.5,0,0.46,0.26,1,NUC
ROX1_YEAST,0.5,0.36,0.64,0.37,0.5,0,0.37,0.33,1,NUC
ROX3_YEAST,0.43,0.44,0.64,0.19,0.5,0,0.38,0.33,1,NUC
RPA9_YEAST,0.72,0.51,0.52,0.08,0.5,0,0.54,0.22,1,NUC
RPA2_YEAST,0.35,0.41,0.53,0.27,0.5,0,0.47,0.29,1,NUC
RPA1_YEAST,0.56,0.49,0.54,0.15,0.5,0,0.5,0.35,1,NUC
RPA3_YEAST,0.57,0.37,0.43,0.27,0.5,0,0.53,0.28,1,NUC
RPBX_YEAST,0.57,0.49,0.61,0.26,0.5,0,0.52,0.22,1,NUC
RPBY_YEAST,0.48,0.45,0.63,0.19,0.5,0,0.58,0.22,1,NUC
RPB2_YEAST,0.34,0.48,0.47,0.19,0.5,0,0.5,0.3,1,NUC
RPB3_YEAST,0.54,0.57,0.55,0.18,0.5,0,0.5,0.22,1,NUC
RPB4_YEAST,0.38,0.44,0.55,0.44,0.5,0,0.47,0.51,1,NUC
RPB5_YEAST,0.4,0.3,0.57,0.13,0.5,0,0.46,0.22,1,NUC
RPB6_YEAST,0.27,0.31,0.55,0.13,0.5,0,0.5,0.22,1,NUC
RPB7_YEAST,0.52,0.46,0.56,0.25,0.5,0,0.52,0.22,1,NUC
RPB8_YEAST,0.44,0.5,0.55,0.24,0.5,0,0.48,0.22,1,NUC
RPB9_YEAST,0.34,0.47,0.48,0.32,0.5,0,0.42,0.22,1,NUC
RPCX_YEAST,0.5,0.56,0.63,0.25,0.5,0,0.42,0.22,1,NUC
RPC2_YEAST,0.46,0.53,0.47,0.37,0.5,0,0.51,0.36,1,NUC
RPC9_YEAST,0.31,0.6,0.65,0.18,0.5,0,0.46,0.22,1,NUC
RPC8_YEAST,0.57,0.42,0.63,0.22,0.5,0,0.68,0.32,1,NUC
RPC6_YEAST,0.37,0.45,0.53,0.14,0.5,0,0.49,0.22,1,NUC
RPC5_YEAST,0.38,0.38,0.54,0.24,0.5,0,0.54,0.22,1,NUC
RPC4_YEAST,0.36,0.49,0.55,0.21,0.5,0,0.55,0.33,1,NUC
RPC3_YEAST,0.29,0.4,0.5,0.16,0.5,0,0.51,0.34,1,NUC
RPD3_YEAST,0.37,0.3,0.51,0.15,0.5,0,0.58,0.26,1,NUC
RPB1_YEAST,0.44,0.62,0.53,0.27,0.5,0,0.49,0.22,1,NUC
RPC1_YEAST,0.56,0.61,0.52,0.19,0.5,0,0.52,0.32,1,NUC
RRN6_YEAST,0.6,0.57,0.52,0.14,0.5,0,0.46,0.48,1,NUC
RRN7_YEAST,0.42,0.38,0.52,0.29,0.5,0,0.42,0.22,1,NUC
RTG1_YEAST,0.41,0.46,0.58,0.08,0.5,0,0.51,0.28,1,NUC
S160_YEAST,0.46,0.49,0.55,0.18,0.5,0,0.56,0.22,1,NUC
SEN1_YEAST,0.47,0.37,0.46,0.28,0.5,0,0.52,0.99,1,NUC
SEN2_YEAST,0.48,0.5,0.47,0.29,0.5,0,0.46,0.27,1,NUC
SFL1_YEAST,0.49,0.49,0.52,0.18,0.5,0,0.51,0.25,1,NUC
SFP1_YEAST,0.54,0.59,0.57,0.34,0.5,0,0.49,0.22,1,NUC
NOT4_YEAST,0.47,0.44,0.53,0.18,0.5,0,0.47,0.29,1,NUC
SIN3_YEAST,0.4,0.49,0.53,0.23,0.5,0,0.44,0.26,1,NUC
SIN4_YEAST,0.45,0.65,0.51,0.17,0.5,0,0.49,0.22,1,NUC
SIP2_YEAST,0.42,0.42,0.55,0.31,0.5,0,0.43,0.22,1,NUC
SIR1_YEAST,0.45,0.41,0.53,0.49,0.5,0,0.49,0.31,1,NUC
SIR2_YEAST,0.42,0.28,0.49,0.22,0.5,0,0.55,0.34,1,NUC
SIR3_YEAST,0.47,0.5,0.47,0.22,0.5,0,0.53,0.45,1,NUC
SIR4_YEAST,0.33,0.42,0.55,0.23,0.5,0,0.52,0.43,1,NUC
SIS2_YEAST,0.37,0.47,0.49,0.12,0.5,0,0.47,0.31,1,NUC
SKI3_YEAST,0.32,0.6,0.48,0.13,0.5,0,0.53,0.22,1,NUC
SKN7_YEAST,0.46,0.56,0.56,0.25,0.5,0,0.43,0.22,1,NUC
SKO1_YEAST,0.47,0.55,0.57,0.17,0.5,0,0.52,0.66,1,NUC
SLU7_YEAST,0.19,0.16,0.68,0.36,0.5,0,0.49,0.21,1,NUC
SMC1_YEAST,0.47,0.56,0.51,0.2,0.5,0,0.52,0.59,1,NUC
SMC2_YEAST,0.4,0.75,0.44,0.12,0.5,0,0.49,0.22,1,NUC
SMD1_YEAST,0.48,0.55,0.58,0.18,0.5,0,0.38,0.69,1,NUC
SNF2_YEAST,0.33,0.47,0.55,0.24,0.5,0,0.45,0.67,1,NUC
SNF5_YEAST,0.66,0.43,0.57,0.6,0.5,0,0.19,0.33,1,NUC
SNF6_YEAST,0.55,0.4,0.62,0.22,0.5,0,0.37,0.28,1,NUC
RU17_YEAST,0.33,0.46,0.6,0.18,0.5,0,0.51,0.26,1,NUC
SNP2_YEAST,0.51,0.5,0.54,0.11,0.5,0,0.6,0.22,1,NUC
YBC6_YEAST,0.54,0.6,0.57,0.17,0.5,0,0.44,0.22,1,NUC
SOF1_YEAST,0.36,0.32,0.55,0.27,0.5,0,0.47,0.43,1,NUC
SOK1_YEAST,0.46,0.41,0.45,0.23,0.5,0,0.48,0.22,1,NUC
SON1_YEAST,0.4,0.39,0.6,0.23,0.5,0,0.52,0.31,1,NUC
SPB4_YEAST,0.57,0.55,0.51,0.18,0.5,0,0.51,0.43,1,NUC
SPK1_YEAST,0.44,0.43,0.46,0.28,0.5,0,0.45,0.29,1,NUC
SP11_YEAST,0.46,0.5,0.5,0.28,0.5,0,0.5,0.37,1,NUC
SX18_YEAST,0.38,0.58,0.46,0.21,0.5,0,0.52,0.22,1,NUC
SP10_YEAST,0.27,0.46,0.52,0.17,0.5,0,0.49,0.44,1,NUC
SP14_YEAST,0.52,0.45,0.45,0.13,0.5,0,0.48,0.22,1,NUC
TF2D_YEAST,0.37,0.29,0.45,0.15,0.5,0,0.49,0.22,1,NUC
SPT2_YEAST,0.37,0.48,0.67,0.37,0.5,0,0.56,0.62,1,NUC
SP21_YEAST,0.44,0.59,0.54,0.18,0.5,0,0.49,0.22,1,NUC
SP23_YEAST,0.48,0.65,0.36,0.24,0.5,0,0.54,0.31,1,NUC
SPT3_YEAST,0.59,0.49,0.45,0.22,0.5,0,0.45,0.31,1,NUC
SPT4_YEAST,0.73,0.52,0.59,0.25,0.5,0,0.51,0.22,1,NUC
SPT5_YEAST,0.5,0.43,0.5,0.17,0.5,0,0.46,0.47,1,NUC
SPT6_YEAST,0.23,0.13,0.51,0.16,0.5,0,0.53,0.51,1,NUC
SPT7_YEAST,0.49,0.6,0.54,0.35,0.5,0,0.53,0.46,1,NUC
SPT8_YEAST,0.52,0.31,0.56,0.16,0.5,0,0.55,0.22,1,NUC
SRB2_YEAST,0.49,0.48,0.51,0.21,0.5,0,0.53,0.22,1,NUC
SRB4_YEAST,0.49,0.6,0.42,0.18,0.5,0,0.58,0.28,1,NUC
SRB5_YEAST,0.6,0.62,0.54,0.11,0.5,0,0.51,0.22,1,NUC
SRB6_YEAST,0.55,0.47,0.53,0.2,0.5,0,0.4,0.22,1,NUC
SCA1_YEAST,0.47,0.32,0.51,0.24,0.5,0,0.54,0.27,1,NUC
SRD1_YEAST,0.53,0.25,0.59,0.27,0.5,0,0.45,0.26,1,NUC
RCC_YEAST,0.31,0.5,0.54,0.32,0.5,0,0.53,0.31,1,NUC
SRPI_YEAST,0.25,0.33,0.48,0.18,0.5,0,0.42,0.33,1,NUC
SSB1_YEAST,0.44,0.39,0.63,0.11,0.5,0,0.49,0.26,1,NUC
RA25_YEAST,0.38,0.42,0.47,0.12,0.5,0,0.47,0.53,1,NUC
SSN6_YEAST,0.19,0.66,0.6,0.14,0.5,0,0.2,0.25,1,NUC
ST12_YEAST,0.38,0.51,0.56,0.21,0.5,0,0.48,0.31,1,NUC
STE5_YEAST,0.45,0.57,0.52,0.21,0.5,0,0.54,0.38,1,NUC
STH1_YEAST,0.66,0.65,0.53,0.17,0.5,0,0.47,0.66,1,NUC
STP1_YEAST,0.48,0.54,0.56,0.29,0.5,0,0.51,0.43,1,NUC
TF2B_YEAST,0.58,0.64,0.42,0.3,0.5,0,0.54,0.22,1,NUC
SUG1_YEAST,0.58,0.37,0.58,0.16,0.5,0,0.51,0.22,1,NUC
ADR6_YEAST,0.48,0.17,0.37,0.33,0.5,0,0.44,0.36,1,NUC
SWI3_YEAST,0.47,0.47,0.5,0.19,0.5,0,0.51,0.26,1,NUC
SWI4_YEAST,0.55,0.38,0.52,0.16,0.5,0,0.49,0.64,1,NUC
SWI5_YEAST,0.41,0.39,0.61,0.17,0.5,0,0.5,0.61,1,NUC
SWI6_YEAST,0.41,0.56,0.53,0.16,0.5,0,0.55,0.26,1,NUC
TBF1_YEAST,0.44,0.65,0.49,0.16,0.5,0,0.48,0.31,1,NUC
TF3B_YEAST,0.49,0.51,0.52,0.13,0.5,0,0.51,0.33,1,NUC
TEC1_YEAST,0.45,0.4,0.56,0.15,0.5,0,0.52,0.22,1,NUC
T2EA_YEAST,0.55,0.79,0.45,0.25,0.5,0,0.51,0.22,1,NUC
YK42_YEAST,0.58,0.51,0.63,0.2,0.5,0,0.5,0.42,1,NUC
TFB1_YEAST,0.63,0.58,0.57,0.1,0.5,0,0.52,0.33,1,NUC
TFC1_YEAST,0.54,0.67,0.56,0.15,0.5,0,0.57,0.33,1,NUC
TF3A_YEAST,0.41,0.59,0.65,0.14,0.5,0,0.49,0.33,1,NUC
TFC3_YEAST,0.47,0.38,0.5,0.15,0.5,0,0.49,0.47,1,NUC
TFC4_YEAST,0.33,0.17,0.52,0.13,0.5,0,0.51,0.75,1,NUC
TYSY_YEAST,0.47,0.46,0.53,0.12,0.5,0,0.51,0.25,1,NUC
TOA1_YEAST,0.57,0.29,0.63,0.22,0.5,0,0.49,0.27,1,NUC
TOA2_YEAST,0.52,0.49,0.59,0.21,0.5,0,0.47,0.22,1,NUC
TOP1_YEAST,0.41,0.42,0.53,0.17,0.5,0,0.48,0.58,1,NUC
TOP2_YEAST,0.45,0.36,0.5,0.19,0.5,0,0.53,0.7,1,NUC
TOP3_YEAST,0.53,0.51,0.54,0.21,0.5,0,0.45,0.22,1,NUC
TRNL_YEAST,0.49,0.38,0.49,0.15,0.5,0,0.53,0.25,1,NUC
TSM1_YEAST,0.5,0.5,0.48,0.34,0.5,0,0.52,0.27,1,NUC
TUP1_YEAST,0.5,0.43,0.56,0.17,0.5,0,0.35,0.22,1,NUC
TYE7_YEAST,0.36,0.52,0.61,0.33,0.5,0,0.52,0.37,1,NUC
UGA3_YEAST,0.49,0.36,0.47,0.28,0.5,0,0.56,0.54,1,NUC
UME5_YEAST,0.34,0.42,0.48,0.19,0.5,0,0.46,0.31,1,NUC
UME6_YEAST,0.6,0.57,0.63,0.22,0.5,0,0.5,0.49,1,NUC
UNG_YEAST,0.53,0.44,0.54,0.52,0.5,0,0.49,0.38,1,NUC
PYR1_YEAST,0.56,0.49,0.47,0.13,0.5,0,0.52,0.22,1,NUC
YEU2_YEAST,0.55,0.49,0.6,0.18,0.5,0,0.51,0.22,1,NUC
XRS2_YEAST,0.64,0.56,0.52,0.17,0.5,0,0.54,0.47,1,NUC
YAB9_YEAST,0.4,0.45,0.45,0.15,0.5,0,0.53,0.48,1,NUC
YAF1_YEAST,0.45,0.51,0.43,0.22,0.5,0,0.57,0.22,1,NUC
PDR4_YEAST,0.57,0.53,0.6,0.28,0.5,0,0.52,0.45,1,NUC
YBC4_YEAST,0.32,0.3,0.57,0.38,0.5,0,0.5,0.25,1,NUC
YBG6_YEAST,0.28,0.41,0.46,0.18,0.5,0,0.47,0.39,1,NUC
YB00_YEAST,0.25,0.41,0.47,0.14,0.5,0,0.56,0.68,1,NUC
YB32_YEAST,0.4,0.44,0.47,0.25,0.5,0,0.54,0.56,1,NUC
YB48_YEAST,0.29,0.39,0.46,0.36,0.5,0,0.51,0.22,1,NUC
YCW2_YEAST,0.54,0.54,0.56,0.18,0.5,0,0.46,0.29,1,NUC
YCZ6_YEAST,0.58,0.44,0.45,0.32,0.5,0,0.52,0.37,1,NUC
YE14_YEAST,0.4,0.4,0.44,0.37,0.5,0,0.53,0.25,1,NUC
YHA9_YEAST,0.47,0.4,0.63,0.19,0.5,0,0.52,0.32,1,NUC
RIMI_YEAST,0.33,0.38,0.47,0.14,0.5,0,0.51,0.47,1,NUC
YHP0_YEAST,0.38,0.44,0.57,0.14,0.5,0,0.53,0.52,1,NUC
YHX8_YEAST,0.4,0.43,0.49,0.17,0.5,0,0.51,0.36,1,NUC
YIG3_YEAST,0.34,0.24,0.51,0.15,0.5,0,0.54,0.4,1,NUC
YIN0_YEAST,0.35,0.29,0.46,0.14,0.5,0,0.54,0.66,1,NUC
YKJ5_YEAST,0.36,0.48,0.61,0.26,0.5,0,0.5,0.16,1,NUC
YKA5_YEAST,0.41,0.25,0.59,0.44,0.5,0,0.6,0.69,1,NUC
MAOX_YEAST,0.57,0.59,0.49,0.86,0.5,0,0.47,0.22,1,NUC
YKD8_YEAST,0.38,0.4,0.39,0.19,0.5,0,0.46,0.62,1,NUC
YKW2_YEAST,0.41,0.47,0.5,0.14,0.5,0,0.53,0.37,1,NUC
YKY8_YEAST,0.25,0.4,0.52,0.15,0.5,0,0.56,0.28,1,NUC
YK44_YEAST,0.58,0.56,0.38,0.39,0.5,0,0.54,0.57,1,NUC
YOX1_YEAST,0.59,0.67,0.54,0.19,0.5,0,0.48,0.6,1,NUC
ZIP1_YEAST,0.47,0.43,0.61,0.4,0.5,0,0.48,0.47,1,NUC
ZUO1_YEAST,0.43,0.4,0.6,0.16,0.5,0,0.53,0.39,1,NUC
ADT1_YEAST,0.58,0.61,0.47,0.13,0.5,0,0.48,0.22,2,MIT
ADT2_YEAST,0.43,0.67,0.48,0.27,0.5,0,0.53,0.22,2,MIT
ADT3_YEAST,0.64,0.62,0.49,0.15,0.5,0,0.53,0.22,2,MIT
AATM_YEAST,0.42,0.44,0.48,0.54,0.5,0,0.48,0.22,2,MIT
ABC1_YEAST,0.5,0.54,0.48,0.65,0.5,0,0.53,0.22,2,MIT
ABF2_YEAST,0.55,0.5,0.66,0.36,0.5,0,0.49,0.22,2,MIT
ACON_YEAST,0.6,0.4,0.52,0.46,0.5,0,0.53,0.22,2,MIT
ACR1_YEAST,0.66,0.55,0.45,0.19,0.5,0,0.46,0.22,2,MIT
ADH3_YEAST,0.51,0.51,0.52,0.51,0.5,0,0.54,0.22,2,MIT
KAD2_YEAST,0.63,0.67,0.57,0.24,0.5,0,0.49,0.22,2,MIT
AFG3_YEAST,0.51,0.51,0.43,0.87,0.5,0,0.52,0.22,2,MIT
YMX1_YEAST,0.72,0.61,0.45,0.3,0.5,0,0.54,0.25,2,MIT
DHA1_YEAST,0.59,0.53,0.43,0.44,0.5,0,0.5,0.22,2,MIT
DHA2_YEAST,0.57,0.53,0.53,0.34,0.5,0,0.53,0.22,2,MIT
AR56_YEAST,0.45,0.58,0.48,0.67,0.5,0,0.52,0.22,2,MIT
ARGD_YEAST,0.43,0.35,0.52,0.52,0.5,0,0.54,0.22,2,MIT
ATM1_YEAST,0.6,0.5,0.44,0.61,0.5,0,0.47,0.22,2,MIT
ATPA_YEAST,0.45,0.55,0.54,0.66,0.5,0,0.47,0.22,2,MIT
ATPY_YEAST,0.46,0.49,0.58,0.23,0.5,0,0.44,0.22,2,MIT
ATPS_YEAST,0.49,0.42,0.56,0.55,0.5,0,0.42,0.25,2,MIT
ATPT_YEAST,0.63,0.53,0.54,0.4,0.5,0,0.5,0.22,2,MIT
ATPU_YEAST,0.5,0.54,0.53,0.54,0.5,0,0.51,0.27,2,MIT
ATPE_YEAST,0.63,0.57,0.59,0.4,0.5,0,0.38,0.22,2,MIT
ATPB_YEAST,0.43,0.57,0.51,0.49,0.5,0,0.48,0.22,2,MIT
ATPG_YEAST,0.48,0.45,0.55,0.5,0.5,0,0.53,0.22,2,MIT
ATPD_YEAST,0.5,0.58,0.46,0.46,0.5,0,0.46,0.22,2,MIT
ATPO_YEAST,0.51,0.54,0.6,0.57,0.5,0,0.58,0.22,2,MIT
ATP7_YEAST,0.54,0.52,0.63,0.37,0.5,0,0.46,0.22,2,MIT
ATP8_YEAST,0.67,0.62,0.4,0.43,0.5,0.83,0.5,0.22,2,MIT
BCS1_YEAST,0.46,0.38,0.47,0.22,0.5,0,0.52,0.27,2,MIT
CYBM_YEAST,0.61,0.72,0.39,0.33,0.5,0,0.58,0.22,2,MIT
YMC4_YEAST,0.78,0.75,0.4,0.28,0.5,0,0.53,0.22,2,MIT
CBP1_YEAST,0.45,0.45,0.5,0.6,0.5,0,0.49,0.22,2,MIT
CBP2_YEAST,0.59,0.67,0.56,0.41,0.5,0,0.47,0.22,2,MIT
CBP3_YEAST,0.47,0.47,0.57,0.48,0.5,0,0.48,0.22,2,MIT
CBP4_YEAST,0.35,0.52,0.48,0.22,0.5,0,0.26,0.22,2,MIT
CBP6_YEAST,0.47,0.41,0.66,0.26,0.5,0,0.53,0.22,2,MIT
NC5R_YEAST,0.64,0.62,0.29,0.28,0.5,0,0.51,0.22,2,MIT
CBS1_YEAST,0.55,0.53,0.55,0.46,0.5,0,0.52,0.22,2,MIT
CBS2_YEAST,0.67,0.62,0.54,0.43,0.5,0,0.53,0.22,2,MIT
TNT_YEAST,0.59,0.6,0.49,0.43,0.5,0,0.53,0.31,2,MIT
CCE1_YEAST,0.58,0.62,0.54,0.17,0.5,0,0.48,0.22,2,MIT
CCPR_YEAST,0.46,0.71,0.48,0.53,0.5,0,0.53,0.22,2,MIT
CEM1_YEAST,0.71,0.59,0.48,0.43,0.5,0,0.59,0.22,2,MIT
CISY_YEAST,0.38,0.68,0.44,0.45,0.5,0,0.53,0.22,2,MIT
CYB_YEAST,0.61,0.72,0.31,0.33,0.5,0,0.56,0.22,2,MIT
COQ1_YEAST,0.52,0.51,0.51,0.54,0.5,0,0.55,0.27,2,MIT
COQ2_YEAST,0.63,0.56,0.45,0.58,0.5,0,0.51,0.22,2,MIT
COQ3_YEAST,0.52,0.56,0.54,0.53,0.5,0,0.45,0.22,2,MIT
UCR1_YEAST,0.58,0.58,0.58,0.49,0.5,0,0.49,0.26,2,MIT
COT1_YEAST,0.72,0.62,0.34,0.29,0.5,0,0.56,0.28,2,MIT
COX1_YEAST,0.72,0.61,0.37,0.3,0.5,0,0.57,0.22,2,MIT
COXX_YEAST,0.46,0.43,0.38,0.33,0.5,0,0.48,0.28,2,MIT
COXZ_YEAST,0.57,0.57,0.44,0.37,0.5,0,0.52,0.25,2,MIT
COXG_YEAST,0.42,0.31,0.62,0.12,0.5,0,0.4,0.22,2,MIT
COXE_YEAST,0.49,0.46,0.45,0.45,0.5,0,0.52,0.22,2,MIT
YEX1_YEAST,0.42,0.58,0.41,0.65,0.5,0,0.46,0.26,2,MIT
COX2_YEAST,0.59,0.61,0.34,0.22,0.5,0,0.51,0.22,2,MIT
COX3_YEAST,0.52,0.77,0.38,0.34,0.5,0,0.51,0.22,2,MIT
COX4_YEAST,0.5,0.52,0.6,0.51,0.5,0,0.48,0.22,2,MIT
COXA_YEAST,0.49,0.6,0.43,0.56,0.5,0,0.36,0.22,2,MIT
COXB_YEAST,0.5,0.41,0.44,0.5,0.5,0,0.42,0.22,2,MIT
COX6_YEAST,0.5,0.4,0.56,0.7,0.5,0,0.5,0.22,2,MIT
COX7_YEAST,0.37,0.58,0.44,0.51,0.5,0,0.44,0.22,2,MIT
COX8_YEAST,0.55,0.45,0.45,0.54,0.5,0,0.5,0.22,2,MIT
COX9_YEAST,0.67,0.68,0.46,0.29,0.5,0,0.46,0.22,2,MIT
CYPC_YEAST,0.47,0.46,0.59,0.49,0.5,0,0.56,0.22,2,MIT
CYB2_YEAST,0.53,0.44,0.51,0.33,0.5,0,0.52,0.22,2,MIT
CYC1_YEAST,0.46,0.54,0.71,0.15,0.5,0,0.59,0.22,2,MIT
CYC2_YEAST,0.4,0.56,0.48,0.14,0.5,0,0.47,0.22,2,MIT
CCHL_YEAST,0.53,0.53,0.6,0.13,0.5,0,0.49,0.22,2,MIT
CYC7_YEAST,0.42,0.57,0.72,0.22,0.5,0,0.57,0.22,2,MIT
CY1_YEAST,0.44,0.68,0.45,0.51,0.5,0,0.52,0.41,2,MIT
CYT2_YEAST,0.27,0.39,0.66,0.11,0.5,0,0.44,0.22,2,MIT
DLD1_YEAST,0.47,0.65,0.54,0.62,0.5,0,0.53,0.36,2,MIT
GPDM_YEAST,0.69,0.5,0.49,0.42,0.5,0,0.49,0.22,2,MIT
HEM1_YEAST,0.57,0.59,0.5,0.58,0.5,0,0.53,0.22,2,MIT
HEMZ_YEAST,0.47,0.45,0.53,0.62,0.5,0,0.46,0.22,2,MIT
CH10_YEAST,0.55,0.53,0.56,0.29,0.5,0,0.48,0.22,2,MIT
HS60_YEAST,0.45,0.56,0.51,0.64,0.5,0,0.54,0.22,2,MIT
HSP7_YEAST,0.38,0.46,0.52,0.75,0.5,0,0.5,0.26,2,MIT
SYH_YEAST,0.51,0.68,0.49,0.59,0.5,0,0.54,0.27,2,MIT
IDH1_YEAST,0.53,0.56,0.49,0.46,0.5,0,0.52,0.22,2,MIT
IDH2_YEAST,0.45,0.54,0.54,0.62,0.5,0,0.53,0.22,2,MIT
IDHP_YEAST,0.51,0.52,0.48,0.5,0.5,0,0.51,0.22,2,MIT
IF2M_YEAST,0.55,0.49,0.5,0.46,0.5,0,0.52,0.25,2,MIT
THDH_YEAST,0.5,0.53,0.45,0.44,0.5,0,0.49,0.22,2,MIT
ILVB_YEAST,0.45,0.59,0.53,0.74,0.5,0,0.47,0.25,2,MIT
ILV5_YEAST,0.57,0.61,0.55,0.67,0.5,0,0.48,0.22,2,MIT
IMP1_YEAST,0.67,0.51,0.53,0.28,0.5,0,0.51,0.22,2,MIT
IMP2_YEAST,0.35,0.49,0.47,0.22,0.5,0,0.5,0.28,2,MIT
IATP_YEAST,0.47,0.63,0.66,0.45,0.5,0,0.37,0.11,2,MIT
IS42_YEAST,0.58,0.55,0.52,0.22,0.5,0,0.44,0.22,2,MIT
ISP6_YEAST,0.59,0.57,0.46,0.14,0.5,0,0.52,0.22,2,MIT
ACOX_YEAST,0.46,0.41,0.5,0.44,0.5,0,0.53,0.22,2,MIT
ODO1_YEAST,0.54,0.51,0.54,0.52,0.5,0,0.47,0.25,2,MIT
ODO2_YEAST,0.53,0.5,0.54,0.56,0.5,0,0.49,0.41,2,MIT
MSF1_YEAST,0.36,0.44,0.57,0.18,0.5,0,0.42,0.22,2,MIT
ODP2_YEAST,0.48,0.57,0.52,0.61,0.5,0,0.51,0.22,2,MIT
LEU1_YEAST,0.52,0.62,0.54,0.19,0.5,0,0.5,0.22,2,MIT
LIP5_YEAST,0.68,0.5,0.55,0.65,0.5,0,0.46,0.31,2,MIT
DLDH_YEAST,0.48,0.48,0.5,0.47,0.5,0,0.55,0.22,2,MIT
MPP2_YEAST,0.5,0.62,0.54,0.66,0.5,0,0.49,0.22,2,MIT
MPP1_YEAST,0.47,0.54,0.54,0.48,0.5,0,0.53,0.26,2,MIT
OM20_YEAST,0.72,0.58,0.42,0.28,0.5,0,0.48,0.22,2,MIT
MAS6_YEAST,0.41,0.41,0.51,0.19,0.5,0,0.57,0.22,2,MIT
OM70_YEAST,0.81,0.65,0.52,0.41,0.5,0,0.57,0.26,2,MIT
MDHM_YEAST,0.58,0.49,0.5,0.41,0.5,0,0.57,0.22,2,MIT
MDJ1_YEAST,0.4,0.52,0.53,0.52,0.5,0,0.51,0.22,2,MIT
MD10_YEAST,0.32,0.47,0.55,0.25,0.5,0,0.49,0.22,2,MIT
EFG1_YEAST,0.53,0.48,0.45,0.44,0.5,0,0.49,0.27,2,MIT
EFG2_YEAST,0.49,0.48,0.46,0.63,0.5,0,0.52,0.22,2,MIT
GRPE_YEAST,0.45,0.48,0.63,0.67,0.5,0,0.48,0.22,2,MIT
MGM1_YEAST,0.66,0.52,0.52,0.44,0.5,0,0.56,0.27,2,MIT
M101_YEAST,0.5,0.49,0.59,0.47,0.5,0,0.49,0.36,2,MIT
DPOG_YEAST,0.48,0.47,0.54,0.55,0.5,0,0.51,0.65,2,MIT
MPCP_YEAST,0.6,0.59,0.45,0.23,0.5,0,0.55,0.22,2,MIT
C1TM_YEAST,0.45,0.73,0.47,0.65,0.5,0,0.54,0.43,2,MIT
MOD5_YEAST,0.67,0.51,0.54,0.21,0.5,0,0.43,0.3,2,MIT
MPI1_YEAST,0.4,0.68,0.5,0.82,0.5,0,0.44,0.36,2,MIT
MPI2_YEAST,0.59,0.57,0.43,0.26,0.5,0,0.51,0.22,2,MIT
RF1M_YEAST,0.6,0.62,0.54,0.4,0.5,0,0.5,0.22,2,MIT
RT01_YEAST,0.36,0.4,0.53,0.48,0.5,0,0.48,0.22,2,MIT
RT13_YEAST,0.51,0.42,0.56,0.38,0.5,0,0.46,0.22,2,MIT
RT17_YEAST,0.41,0.54,0.58,0.2,0.5,0,0.52,0.22,2,MIT
RT02_YEAST,0.57,0.4,0.62,0.3,0.5,0,0.48,0.11,2,MIT
RM41_YEAST,0.52,0.5,0.59,0.31,0.5,0,0.5,0.22,2,MIT
RT04_YEAST,0.42,0.53,0.53,0.64,0.5,0,0.47,0.22,2,MIT
RM49_YEAST,0.5,0.46,0.64,0.36,0.5,0,0.49,0.22,2,MIT
RM02_YEAST,0.6,0.51,0.6,0.38,0.5,0.83,0.52,0.24,2,MIT
RT08_YEAST,0.45,0.38,0.64,0.14,0.5,0,0.54,0.22,2,MIT
RM13_YEAST,0.6,0.57,0.64,0.52,0.5,0,0.47,0.28,2,MIT
RM16_YEAST,0.53,0.42,0.58,0.29,0.5,0,0.5,0.22,2,MIT
RM20_YEAST,0.41,0.52,0.53,0.41,0.5,0,0.39,0.33,2,MIT
RM25_YEAST,0.45,0.43,0.63,0.4,0.5,0,0.59,0.11,2,MIT
RM27_YEAST,0.44,0.44,0.67,0.35,0.5,0,0.48,0.26,2,MIT
RM31_YEAST,0.58,0.52,0.61,0.33,0.5,0,0.38,0.11,2,MIT
RM32_YEAST,0.57,0.61,0.55,0.27,0.5,0,0.44,0.21,2,MIT
RM33_YEAST,0.57,0.58,0.58,0.35,0.5,0,0.49,0.22,2,MIT
RM36_YEAST,0.64,0.64,0.56,0.21,0.5,0,0.5,0.22,2,MIT
RM37_YEAST,0.56,0.5,0.61,0.49,0.5,0,0.46,0.28,2,MIT
RM38_YEAST,0.6,0.46,0.59,0.16,0.5,0,0.49,0.22,2,MIT
RM04_YEAST,0.36,0.38,0.56,0.44,0.5,0,0.48,0.22,2,MIT
RM44_YEAST,0.53,0.52,0.61,0.35,0.5,0,0.5,0.22,2,MIT
RM06_YEAST,0.62,0.59,0.54,0.47,0.5,0,0.46,0.22,2,MIT
RM08_YEAST,0.55,0.5,0.6,0.31,0.5,0,0.46,0.27,2,MIT
RM09_YEAST,0.58,0.53,0.57,0.46,0.5,0,0.51,0.27,2,MIT
RT28_YEAST,0.65,0.53,0.55,0.52,0.5,0,0.47,0.27,2,MIT
RT05_YEAST,0.38,0.54,0.54,0.41,0.5,0,0.51,0.22,2,MIT
RT09_YEAST,0.58,0.53,0.5,0.53,0.5,0,0.47,0.31,2,MIT
MRS1_YEAST,0.61,0.46,0.51,0.37,0.5,0,0.51,0.22,2,MIT
MRS2_YEAST,0.55,0.59,0.47,0.64,0.5,0,0.54,0.33,2,MIT
MRS3_YEAST,0.54,0.64,0.5,0.13,0.5,0,0.49,0.22,2,MIT
MRS4_YEAST,0.4,0.74,0.49,0.16,0.5,0,0.51,0.22,2,MIT
SYDM_YEAST,0.51,0.56,0.51,0.42,0.5,0,0.53,0.36,2,MIT
SYFM_YEAST,0.43,0.32,0.5,0.29,0.5,0,0.5,0.22,2,MIT
MSH1_YEAST,0.49,0.44,0.45,0.55,0.5,0,0.48,0.22,2,MIT
SYKM_YEAST,0.5,0.56,0.49,0.61,0.5,0,0.5,0.22,2,MIT
SYMM_YEAST,0.51,0.48,0.51,0.43,0.5,0,0.49,0.22,2,MIT
MSP1_YEAST,0.63,0.6,0.5,0.27,0.5,0,0.55,0.22,2,MIT
SYR_YEAST,0.46,0.44,0.53,0.31,0.5,0,0.48,0.22,2,MIT
MSS1_YEAST,0.58,0.57,0.54,0.69,0.5,0,0.54,0.22,2,MIT
MS16_YEAST,0.61,0.59,0.47,0.49,0.5,0,0.54,0.22,2,MIT
MS18_YEAST,0.63,0.47,0.56,0.12,0.5,0,0.5,0.22,2,MIT
MS51_YEAST,0.55,0.53,0.54,0.4,0.5,0,0.48,0.22,2,MIT
SYTM_YEAST,0.41,0.47,0.58,0.62,0.5,0,0.5,0.22,2,MIT
SYWM_YEAST,0.44,0.53,0.53,0.37,0.5,0,0.51,0.22,2,MIT
MTF1_YEAST,0.46,0.46,0.56,0.12,0.5,0,0.55,0.22,2,MIT
NAM1_YEAST,0.51,0.46,0.54,0.41,0.5,0,0.53,0.22,2,MIT
SYLM_YEAST,0.6,0.51,0.52,0.45,0.5,0,0.5,0.27,2,MIT
NAM9_YEAST,0.37,0.51,0.57,0.4,0.5,0,0.48,0.27,2,MIT
NDI1_YEAST,0.53,0.61,0.51,0.49,0.5,0,0.54,0.27,2,MIT
NUC1_YEAST,0.75,0.67,0.51,0.29,0.5,0,0.52,0.36,2,MIT
ATP9_YEAST,0.78,0.65,0.4,0.16,0.5,0,0.63,0.22,2,MIT
ATP6_YEAST,0.52,0.64,0.34,0.16,0.5,0,0.57,0.22,2,MIT
OM45_YEAST,0.75,0.66,0.64,0.39,0.5,0,0.46,0.32,2,MIT
PORI_YEAST,0.41,0.49,0.58,0.22,0.5,0,0.52,0.22,2,MIT
YM38_YEAST,0.39,0.28,0.54,0.14,0.5,0,0.59,0.22,2,MIT
ODPA_YEAST,0.6,0.54,0.54,0.53,0.5,0,0.52,0.27,2,MIT
ODPB_YEAST,0.49,0.52,0.53,0.7,0.5,0,0.51,0.22,2,MIT
ODPX_YEAST,0.45,0.58,0.59,0.44,0.5,0,0.56,0.22,2,MIT
PT11_YEAST,0.5,0.32,0.49,0.49,0.5,0,0.48,0.32,2,MIT
PT12_YEAST,0.45,0.53,0.47,0.43,0.5,0,0.5,0.27,2,MIT
PT17_YEAST,0.75,0.6,0.43,0.35,0.5,0,0.45,0.27,2,MIT
PT22_YEAST,0.56,0.68,0.52,0.39,0.5,0,0.36,0.22,2,MIT
RTPT_YEAST,0.48,0.45,0.59,0.35,0.5,0,0.55,0.3,2,MIT
PT27_YEAST,0.26,0.28,0.6,0.2,0.5,0,0.54,0.31,2,MIT
PT91_YEAST,0.59,0.45,0.58,0.21,0.5,0,0.49,0.22,2,MIT
PT09_YEAST,0.48,0.52,0.49,0.35,0.5,0.5,0.51,0.22,2,MIT
PT94_YEAST,0.59,0.58,0.47,0.61,0.5,0,0.44,0.3,2,MIT
PT54_YEAST,0.5,0.57,0.62,0.25,0.5,0,0.51,0.22,2,MIT
PIF1_YEAST,0.59,0.61,0.51,0.62,0.5,0,0.51,0.38,2,MIT
LONM_YEAST,0.47,0.54,0.53,0.77,0.5,0,0.52,0.36,2,MIT
IPY2_YEAST,0.42,0.65,0.58,0.34,0.5,0,0.5,0.22,2,MIT
DPSD_YEAST,0.51,0.46,0.4,0.65,0.5,0,0.49,0.22,2,MIT
PUT1_YEAST,0.6,0.59,0.47,0.47,0.5,0,0.53,0.22,2,MIT
PUT2_YEAST,0.45,0.53,0.51,0.42,0.5,0,0.52,0.22,2,MIT
UCRX_YEAST,0.5,0.62,0.52,0.3,0.5,0,0.56,0.22,2,MIT
UCR2_YEAST,0.49,0.45,0.54,0.4,0.5,0,0.55,0.22,2,MIT
UCR6_YEAST,0.64,0.53,0.59,0.14,0.5,0,0.53,0.22,2,MIT
UCRQ_YEAST,0.57,0.6,0.54,0.17,0.5,0,0.52,0.22,2,MIT
UCR8_YEAST,0.38,0.31,0.59,0.19,0.5,0,0.46,0.22,2,MIT
UCR9_YEAST,0.68,0.53,0.44,0.31,0.5,0,0.51,0.22,2,MIT
RCA1_YEAST,0.41,0.41,0.43,0.61,0.5,0,0.53,0.22,2,MIT
RIM1_YEAST,0.55,0.38,0.64,0.42,0.5,0,0.47,0.22,2,MIT
RIM2_YEAST,0.45,0.43,0.5,0.25,0.5,0,0.47,0.22,2,MIT
UCRI_YEAST,0.47,0.53,0.48,0.51,0.5,0,0.54,0.22,2,MIT
RPM2_YEAST,0.42,0.49,0.49,0.36,0.5,0,0.57,0.26,2,MIT
RPOM_YEAST,0.47,0.56,0.46,0.5,0.5,0,0.51,0.22,2,MIT
SCJ1_YEAST,0.39,1,0.38,0.41,0.5,0,0.5,0.27,2,MIT
SCO1_YEAST,0.52,0.54,0.47,0.49,0.5,0,0.54,0.22,2,MIT
DHSA_YEAST,0.56,0.65,0.49,0.56,0.5,0,0.49,0.22,2,MIT
DHSB_YEAST,0.53,0.51,0.55,0.57,0.5,0,0.46,0.22,2,MIT
SDH3_YEAST,0.54,0.64,0.4,0.56,0.5,0,0.51,0.22,2,MIT
SDH4_YEAST,0.47,0.58,0.47,0.52,0.5,0,0.54,0.22,2,MIT
TRAM_YEAST,0.47,0.52,0.54,0.25,0.5,0,0.54,0.29,2,MIT
SHM1_YEAST,0.56,0.59,0.45,0.15,0.5,0,0.54,0.22,2,MIT
GLYM_YEAST,0.47,0.56,0.53,0.44,0.5,0,0.53,0.22,2,MIT
SMF1_YEAST,0.57,0.51,0.34,0.13,0.5,0,0.53,0.27,2,MIT
SMF2_YEAST,0.23,0.37,0.32,0.13,0.5,0,0.53,0.22,2,MIT
SODM_YEAST,0.54,0.47,0.58,0.4,0.5,0,0.46,0.27,2,MIT
HS77_YEAST,0.51,0.5,0.49,0.45,0.5,0,0.48,0.22,2,MIT
STF1_YEAST,0.55,0.41,0.67,0.61,0.5,0,0.49,0.14,2,MIT
STF2_YEAST,0.28,0.18,0.72,0.26,0.5,0,0.49,0.25,2,MIT
SUV3_YEAST,0.61,0.54,0.54,0.38,0.5,0,0.54,0.29,2,MIT
TRM1_YEAST,0.53,0.45,0.52,0.29,0.5,0,0.55,0.38,2,MIT
EFTU_YEAST,0.61,0.73,0.5,0.58,0.5,0,0.5,0.22,2,MIT
RMAR_YEAST,0.66,0.37,0.6,0.25,0.5,0,0.69,0.22,2,MIT
YAB1_YEAST,0.51,0.39,0.56,0.55,0.5,0,0.46,0.64,2,MIT
CACM_YEAST,0.45,0.39,0.46,0.29,0.5,0,0.42,0.22,2,MIT
FMT_YEAST,0.59,0.56,0.5,0.48,0.5,0,0.46,0.22,2,MIT
MRF1_YEAST,0.46,0.61,0.55,0.29,0.5,0,0.49,0.22,2,MIT
YB8E_YEAST,0.56,0.71,0.47,0.21,0.5,0,0.52,0.22,2,MIT
YCA9_YEAST,0.58,0.63,0.52,0.7,0.5,0,0.46,0.22,2,MIT
SYN_YEAST,0.47,0.41,0.53,0.27,0.5,0,0.47,0.25,2,MIT
YIA6_YEAST,0.51,0.59,0.46,0.13,0.5,0,0.48,0.22,2,MIT
YIN4_YEAST,0.58,0.67,0.49,0.16,0.5,0,0.47,0.28,2,MIT
PMT_YEAST,0.5,0.61,0.44,0.2,0.5,0,0.49,0.22,2,MIT
YKN4_YEAST,0.46,0.62,0.46,0.54,0.5,0,0.51,0.27,2,MIT
ACP_YEAST,0.52,0.53,0.58,0.69,0.5,0,0.5,0.22,2,MIT
YMC1_YEAST,0.39,0.58,0.47,0.18,0.5,0,0.48,0.22,2,MIT
YMC2_YEAST,0.38,0.47,0.47,0.18,0.5,0,0.44,0.26,2,MIT
YME1_YEAST,0.63,0.57,0.5,0.48,0.5,0,0.51,0.22,2,MIT
RMR3_YEAST,0.51,0.45,0.62,0.25,0.5,0,0.59,0.22,2,MIT
ALG8_YEAST,0.41,0.54,0.39,0.2,0.5,0,0.51,0.22,3,ME3
ALP1_YEAST,0.42,0.24,0.34,0.16,0.5,0,0.5,0.22,3,ME3
YHB9_YEAST,0.41,0.53,0.45,0.14,0.5,0,0.52,0.66,3,ME3
ATR1_YEAST,0.28,0.58,0.21,0.13,0.5,0,0.51,0.22,3,ME3
YBR8_YEAST,0.39,0.44,0.35,0.16,0.5,0,0.55,0.22,3,ME3
BET1_YEAST,0.38,0.5,0.37,0.26,0.5,0,0.43,0.22,3,ME3
BOS1_YEAST,0.36,0.58,0.35,0.24,0.5,0,0.44,0.22,3,ME3
BSD2_YEAST,0.36,0.43,0.39,0.12,0.5,0,0.49,0.22,3,ME3
CAN1_YEAST,0.44,0.59,0.36,0.16,0.5,0,0.52,0.22,3,ME3
ATU1_YEAST,0.54,0.55,0.34,0.31,0.5,0,0.54,0.22,3,ME3
CC25_YEAST,0.39,0.58,0.5,0.26,0.5,0,0.54,0.59,3,ME3
PSS_YEAST,0.35,0.45,0.43,0.11,0.5,0,0.56,0.22,3,ME3
PEM1_YEAST,0.42,0.42,0.42,0.2,0.5,0,0.49,0.22,3,ME3
CHS1_YEAST,0.26,0.5,0.33,0.28,0.5,0,0.51,0.22,3,ME3
CHS2_YEAST,0.39,0.42,0.38,0.4,0.5,0,0.49,0.47,3,ME3
CHS3_YEAST,0.26,0.44,0.3,0.11,0.5,0,0.51,0.47,3,ME3
CPT1_YEAST,0.47,0.54,0.37,0.14,0.5,0,0.5,0.22,3,ME3
CTR1_YEAST,0.36,0.37,0.33,0.14,0.5,0,0.57,0.31,3,ME3
DAL4_YEAST,0.55,0.42,0.34,0.3,0.5,0,0.52,0.22,3,ME3
DAL5_YEAST,0.34,0.42,0.3,0.23,0.5,0,0.53,0.22,3,ME3
ATC4_YEAST,0.51,0.55,0.35,0.16,0.5,0,0.51,0.47,3,ME3
ATN2_YEAST,0.36,0.49,0.3,0.22,0.5,0,0.52,0.31,3,ME3
EPT1_YEAST,0.29,0.43,0.4,0.15,0.5,0,0.53,0.22,3,ME3
ERD1_YEAST,0.52,0.75,0.37,0.14,0.5,0,0.46,0.22,3,ME3
ERG1_YEAST,0.58,0.6,0.43,0.12,0.5,0,0.55,0.22,3,ME3
ER24_YEAST,0.63,0.61,0.41,0.22,0.5,0,0.51,0.22,3,ME3
ERG3_YEAST,0.58,0.53,0.38,0.18,0.5,0,0.52,0.22,3,ME3
ERG4_YEAST,0.36,0.46,0.43,0.19,0.5,0,0.48,0.22,3,ME3
FDFT_YEAST,0.53,0.68,0.42,0.19,0.5,0,0.53,0.22,3,ME3
FCY2_YEAST,0.46,0.35,0.33,0.17,0.5,0,0.55,0.22,3,ME3
FET3_YEAST,0.54,0.55,0.42,0.22,0.5,0,0.48,0.22,3,ME3
FET4_YEAST,0.39,0.44,0.28,0.12,0.5,0,0.46,0.27,3,ME3
FPS1_YEAST,0.42,0.52,0.4,0.17,0.5,0,0.5,0.26,3,ME3
FU34_YEAST,0.37,0.34,0.32,0.22,0.5,0,0.56,0.22,3,ME3
FUR4_YEAST,0.35,0.56,0.36,0.3,0.5,0,0.53,0.25,3,ME3
GAL2_YEAST,0.44,0.51,0.37,0.15,0.5,0,0.51,0.22,3,ME3
GAP1_YEAST,0.49,0.46,0.34,0.21,0.5,0,0.55,0.22,3,ME3
GEF1_YEAST,0.49,0.31,0.34,0.13,0.5,0,0.52,0.22,3,ME3
GLS1_YEAST,0.2,0.34,0.33,0.1,0.5,0,0.48,0.31,3,ME3
HIP1_YEAST,0.48,0.46,0.38,0.29,0.5,0,0.53,0.22,3,ME3
HMD1_YEAST,0.51,0.63,0.3,0.35,0.5,0,0.53,0.27,3,ME3
HMD2_YEAST,0.53,0.68,0.34,0.42,0.5,0,0.54,0.27,3,ME3
HXTY_YEAST,0.33,0.28,0.31,0.24,0.5,0,0.53,0.22,3,ME3
HS30_YEAST,0.37,0.62,0.34,0.25,0.5,0,0.51,0.22,3,ME3
HXT1_YEAST,0.3,0.5,0.34,0.26,0.5,0,0.51,0.22,3,ME3
HXT2_YEAST,0.49,0.4,0.34,0.26,0.5,0,0.5,0.22,3,ME3
HXT3_YEAST,0.34,0.4,0.3,0.23,0.5,0,0.51,0.22,3,ME3
HXT4_YEAST,0.43,0.44,0.3,0.18,0.5,0,0.51,0.22,3,ME3
HXT5_YEAST,0.43,0.45,0.37,0.12,0.5,0,0.48,0.22,3,ME3
HXT6_YEAST,0.45,0.57,0.3,0.17,0.5,0,0.51,0.22,3,ME3
HXT7_YEAST,0.45,0.57,0.3,0.17,0.5,0,0.51,0.22,3,ME3
HXT8_YEAST,0.42,0.44,0.33,0.17,0.5,0,0.54,0.27,3,ME3
IRA1_YEAST,0.47,0.59,0.43,0.13,0.5,0,0.56,0.3,3,ME3
IRA2_YEAST,0.4,0.45,0.42,0.17,0.5,0,0.54,0.26,3,ME3
ITR1_YEAST,0.49,0.41,0.32,0.21,0.5,0,0.5,0.32,3,ME3
ITR2_YEAST,0.35,0.53,0.35,0.33,0.5,0,0.5,0.32,3,ME3
YJ12_YEAST,0.5,0.46,0.42,0.32,0.5,0,0.56,0.55,3,ME3
YJ36_YEAST,0.32,0.36,0.34,0.19,0.5,0,0.55,0.26,3,ME3
YJ43_YEAST,0.4,0.51,0.42,0.13,0.5,0,0.45,0.25,3,ME3
YJ90_YEAST,0.65,0.61,0.39,0.3,0.5,0,0.57,0.28,3,ME3
YJ91_YEAST,0.47,0.43,0.35,0.32,0.5,0,0.54,0.22,3,ME3
KIN1_YEAST,0.48,0.43,0.45,0.17,0.5,0,0.48,0.37,3,ME3
KIN2_YEAST,0.36,0.35,0.47,0.22,0.5,0,0.44,0.31,3,ME3
KRE6_YEAST,0.37,0.55,0.29,0.32,0.5,0,0.51,0.22,3,ME3
LAG1_YEAST,0.42,0.51,0.39,0.22,0.5,0,0.49,0.26,3,ME3
LGT3_YEAST,0.46,0.4,0.38,0.18,0.5,0,0.49,0.22,3,ME3
LYP1_YEAST,0.46,0.14,0.36,0.21,0.5,0,0.5,0.25,3,ME3
MA3T_YEAST,0.39,0.37,0.33,0.23,0.5,0,0.53,0.26,3,ME3
MA6T_YEAST,0.39,0.37,0.33,0.23,0.5,0,0.52,0.26,3,ME3
MDL1_YEAST,0.51,0.47,0.41,0.44,0.5,0,0.5,0.22,3,ME3
MEP1_YEAST,0.47,0.6,0.35,0.21,0.5,0,0.52,0.22,3,ME3
YNE2_YEAST,0.44,0.41,0.29,0.21,0.5,0,0.49,0.22,3,ME3
PEM2_YEAST,0.48,0.49,0.45,0.23,0.5,0,0.51,0.22,3,ME3
ATC2_YEAST,0.53,0.51,0.36,0.13,0.5,0,0.52,0.22,3,ME3
PDR5_YEAST,0.41,0.48,0.38,0.13,0.5,0,0.51,0.35,3,ME3
PPB_YEAST,0.39,0.81,0.35,0.28,0.5,0,0.51,0.45,3,ME3
PH84_YEAST,0.38,0.45,0.37,0.19,0.5,0,0.52,0.3,3,ME3
YCS7_YEAST,0.31,0.3,0.34,0.19,0.5,0,0.55,0.3,3,ME3
PIS_YEAST,0.47,0.61,0.5,0.23,0.5,0,0.49,0.22,3,ME3
ATH1_YEAST,0.49,0.6,0.3,0.34,0.5,0,0.5,0.43,3,ME3
ATH2_YEAST,0.27,0.56,0.3,0.14,0.5,0,0.52,0.39,3,ME3
ATC1_YEAST,0.44,0.43,0.34,0.21,0.5,0,0.55,0.4,3,ME3
ATN1_YEAST,0.39,0.49,0.3,0.19,0.5,0,0.52,0.31,3,ME3
PMT1_YEAST,0.37,0.51,0.39,0.18,0.5,0,0.51,0.27,3,ME3
PMT2_YEAST,0.27,0.49,0.36,0.26,0.5,0,0.49,0.26,3,ME3
PPA1_YEAST,0.66,0.55,0.34,0.2,0.5,0,0.62,0.22,3,ME3
PTR2_YEAST,0.36,0.33,0.38,0.15,0.5,0,0.55,0.36,3,ME3
PUT4_YEAST,0.58,0.53,0.33,0.26,0.5,0,0.51,0.22,3,ME3
RER1_YEAST,0.45,0.66,0.39,0.11,0.5,0,0.54,0.22,3,ME3
RSD1_YEAST,0.57,0.5,0.4,0.08,0.5,0,0.47,0.22,3,ME3
TAT2_YEAST,0.39,0.46,0.33,0.18,0.5,0,0.53,0.22,3,ME3
SC59_YEAST,0.51,0.51,0.32,0.27,0.5,0,0.54,0.22,3,ME3
S61A_YEAST,0.55,0.72,0.35,0.26,0.5,0,0.49,0.22,3,ME3
SC62_YEAST,0.54,0.44,0.35,0.19,0.5,0,0.51,0.27,3,ME3
NPL1_YEAST,0.65,0.66,0.37,0.12,0.5,0,0.52,0.27,3,ME3
SED4_YEAST,0.52,0.55,0.39,0.09,1,0,0.55,0.25,3,ME3
SED5_YEAST,0.42,0.28,0.33,0.23,0.5,0,0.39,0.26,3,ME3
SKN1_YEAST,0.38,0.42,0.31,0.35,0.5,0,0.52,0.22,3,ME3
SLA2_YEAST,0.46,0.48,0.38,0.22,0.5,0,0.39,0.45,3,ME3
SLN1_YEAST,0.52,0.65,0.36,0.37,0.5,0,0.52,0.34,3,ME3
SLY4_YEAST,0.4,0.43,0.36,0.33,0.5,0,0.51,0.22,3,ME3
SNC1_YEAST,0.27,0.41,0.24,0.2,0.5,0,0.49,0.22,3,ME3
SNC2_YEAST,0.25,0.35,0.22,0.18,0.5,0,0.46,0.22,3,ME3
SNF3_YEAST,0.37,0.4,0.38,0.18,0.5,0,0.51,0.22,3,ME3
SNQ2_YEAST,0.45,0.57,0.38,0.28,0.5,0,0.53,0.31,3,ME3
SRPR_YEAST,0.55,0.46,0.47,0.15,0.5,0,0.47,0.22,3,ME3
SSO1_YEAST,0.41,0.42,0.23,0.16,0.5,0,0.4,0.22,3,ME3
SSO2_YEAST,0.25,0.42,0.21,0.14,0.5,0,0.41,0.22,3,ME3
S61G_YEAST,0.49,0.31,0.43,0.24,0.5,0,0.54,0.22,3,ME3
SST2_YEAST,0.46,0.41,0.43,0.18,0.5,0,0.54,0.22,3,ME3
DAP1_YEAST,0.32,0.36,0.28,0.38,0.5,0,0.5,0.4,3,ME3
ST14_YEAST,0.4,0.65,0.38,0.17,0.5,0,0.57,0.22,3,ME3
STE2_YEAST,0.49,0.55,0.41,0.19,0.5,0,0.48,0.31,3,ME3
STE6_YEAST,0.46,0.61,0.38,0.35,0.5,0,0.49,0.22,3,ME3
STL1_YEAST,0.36,0.5,0.39,0.23,0.5,0,0.5,0.22,3,ME3
SUL1_YEAST,0.43,0.28,0.41,0.32,0.5,0,0.52,0.22,3,ME3
SYG1_YEAST,0.31,0.51,0.38,0.18,0.5,0,0.46,0.31,3,ME3
VAL1_YEAST,0.31,0.4,0.31,0.17,0.5,0,0.52,0.22,3,ME3
TRK1_YEAST,0.55,0.39,0.39,0.47,0.5,0,0.5,0.83,3,ME3
TRK2_YEAST,0.59,0.48,0.41,0.53,0.5,0,0.48,0.56,3,ME3
UBC6_YEAST,0.43,0.48,0.36,0.26,0.5,0,0.52,0.22,3,ME3
UGA4_YEAST,0.42,0.51,0.33,0.16,0.5,0,0.54,0.22,3,ME3
USO1_YEAST,0.5,0.47,0.45,0.14,0.5,0,0.53,0.32,3,ME3
YAC2_YEAST,0.49,0.53,0.36,0.15,0.5,0,0.52,0.27,3,ME3
YAE2_YEAST,0.39,0.63,0.41,0.27,0.5,0,0.49,0.22,3,ME3
YAG7_YEAST,0.49,0.49,0.4,0.2,0.5,0,0.48,0.26,3,ME3
AP54_YEAST,0.33,0.49,0.46,0.22,0.5,0,0.53,0.33,3,ME3
ADB1_YEAST,0.47,0.41,0.46,0.18,0.5,0,0.53,0.22,3,ME3
YBE2_YEAST,0.26,0.3,0.37,0.15,0.5,0,0.53,0.25,3,ME3
YBI8_YEAST,0.45,0.5,0.43,0.16,0.5,0,0.52,0.28,3,ME3
YBT6_YEAST,0.54,0.44,0.38,0.22,0.5,0,0.54,0.3,3,ME3
YBY2_YEAST,0.22,0.53,0.36,0.22,0.5,0,0.54,0.31,3,ME3
YB30_YEAST,0.43,0.41,0.37,0.18,0.5,0,0.54,0.31,3,ME3
YB33_YEAST,0.46,0.59,0.38,0.12,0.5,0,0.5,0.22,3,ME3
YB91_YEAST,0.43,0.6,0.4,0.12,0.5,0,0.49,0.29,3,ME3
YB8G_YEAST,0.65,0.62,0.26,0.33,0.5,0,0.55,0.22,3,ME3
YCFI_YEAST,0.47,0.61,0.32,0.27,0.5,0,0.5,0.3,3,ME3
YCD8_YEAST,0.3,0.68,0.41,0.17,0.5,0,0.51,0.22,3,ME3
YCH0_YEAST,0.55,0.35,0.36,0.29,0.5,0,0.51,0.22,3,ME3
YCQ0_YEAST,0.35,0.32,0.31,0.16,0.5,0,0.56,0.22,3,ME3
YCQ7_YEAST,0.67,0.61,0.39,0.24,0.5,0,0.51,0.22,3,ME3
YCR8_YEAST,0.39,0.56,0.34,0.18,0.5,0,0.49,0.22,3,ME3
YCS4_YEAST,0.51,0.38,0.42,0.21,0.5,0,0.46,0.34,3,ME3
YCT8_YEAST,0.32,0.45,0.39,0.14,0.5,0,0.45,0.22,3,ME3
YCY8_YEAST,0.28,0.48,0.36,0.16,0.5,0,0.53,0.22,3,ME3
YD66_YEAST,0.52,0.65,0.36,0.26,0.5,0,0.44,0.22,3,ME3
YEA6_YEAST,0.42,0.71,0.45,0.15,0.5,0,0.48,0.22,3,ME3
YEP0_YEAST,0.38,0.37,0.36,0.14,0.5,0,0.54,0.22,3,ME3
YGL1_YEAST,0.38,0.56,0.38,0.16,0.5,0,0.53,0.22,3,ME3
YHA8_YEAST,0.63,0.65,0.42,0.18,0.5,0,0.54,0.27,3,ME3
YHC6_YEAST,0.61,0.76,0.3,0.16,0.5,0,0.45,0.41,3,ME3
YHD5_YEAST,0.38,0.67,0.33,0.17,0.5,0,0.51,0.22,3,ME3
YHE0_YEAST,0.39,0.33,0.33,0.23,0.5,0,0.47,0.22,3,ME3
YHF0_YEAST,0.5,0.63,0.45,0.13,0.5,0,0.45,0.32,3,ME3
YHG2_YEAST,0.2,0.6,0.5,0.29,0.5,0,0.51,0.22,3,ME3
YHI7_YEAST,0.29,0.26,0.43,0.17,0.5,0,0.55,0.3,3,ME3
YHJ2_YEAST,0.51,0.46,0.41,0.36,0.5,0,0.49,0.22,3,ME3
YHK8_YEAST,0.49,0.56,0.37,0.2,0.5,0,0.53,0.22,3,ME3
YHT3_YEAST,0.49,0.55,0.35,0.23,0.5,0,0.57,0.22,3,ME3
YHU2_YEAST,0.6,0.68,0.3,0.27,0.5,0,0.55,0.22,3,ME3
YIB3_YEAST,0.52,0.46,0.34,0.2,0.5,0,0.51,0.25,3,ME3
YKA8_YEAST,0.3,0.37,0.4,0.45,0.5,0,0.48,0.41,3,ME3
YK68_YEAST,0.32,0.29,0.29,0.08,0.5,0,0.52,0.22,3,ME3
ALG1_YEAST,0.86,0.68,0.39,0.24,0.5,0,0.54,0.22,4,ME2
ALG5_YEAST,0.86,0.74,0.51,0.4,0.5,0,0.55,0.22,4,ME2
GPT_YEAST,0.79,0.57,0.41,0.28,0.5,0,0.59,0.22,4,ME2
ANP1_YEAST,0.74,0.75,0.58,0.47,0.5,0,0.4,0.35,4,ME2
CSG2_YEAST,0.69,0.61,0.38,0.27,0.5,0,0.52,0.22,4,ME2
DPM1_YEAST,0.54,0.42,0.41,0.16,0.5,0,0.52,0.22,4,ME2
DUR3_YEAST,0.83,0.58,0.33,0.04,0.5,0,0.53,0.22,4,ME2
ERD2_YEAST,0.71,0.56,0.39,0.27,0.5,0,0.52,0.22,4,ME2
CP51_YEAST,0.57,0.59,0.44,0.16,0.5,0,0.52,0.22,4,ME2
ERG2_YEAST,0.92,0.61,0.4,0.22,0.5,0,0.54,0.22,4,ME2
ERG7_YEAST,0.34,0.38,0.45,0.19,0.5,0,0.51,0.22,4,ME2
ERS1_YEAST,0.73,0.55,0.41,0.16,0.5,0,0.46,0.22,4,ME2
YKW0_YEAST,0.81,0.9,0.39,0.41,0.5,0,0.53,0.22,4,ME2
GDA1_YEAST,0.91,0.69,0.57,0.45,0.5,0,0.56,0.22,4,ME2
GOG5_YEAST,0.69,0.48,0.38,0.15,0.5,0,0.55,0.22,4,ME2
YJ13_YEAST,0.68,0.5,0.43,0.27,0.5,0,0.61,0.22,4,ME2
YJ51_YEAST,0.81,0.76,0.32,0.37,0.5,0,0.51,0.22,4,ME2
KRE2_YEAST,0.89,0.82,0.6,0.49,0.5,0,0.55,0.22,4,ME2
KTR1_YEAST,0.77,0.6,0.42,0.33,0.5,0,0.57,0.22,4,ME2
KTR2_YEAST,0.76,0.74,0.56,0.34,0.5,0,0.51,0.3,4,ME2
KTR3_YEAST,0.58,0.76,0.4,0.37,0.5,0,0.54,0.3,4,ME2
KTR4_YEAST,0.94,0.6,0.33,0.49,0.5,0,0.54,0.22,4,ME2
LCB1_YEAST,0.83,0.53,0.52,0.2,0.5,0,0.48,0.25,4,ME2
LCB2_YEAST,0.36,0.34,0.46,0.19,0.5,0,0.52,0.22,4,ME2
MK11_YEAST,0.78,0.48,0.47,0.3,0.5,0,0.53,0.47,4,ME2
MDL2_YEAST,0.72,0.56,0.4,0.26,0.5,0,0.51,0.26,4,ME2
MNN1_YEAST,0.66,0.66,0.32,0.54,0.5,0,0.51,0.22,4,ME2
MNN9_YEAST,0.74,0.56,0.35,0.36,0.5,0,0.51,0.25,4,ME2
MNS1_YEAST,0.89,0.52,0.41,0.26,0.5,0,0.52,0.31,4,ME2
NCPR_YEAST,0.78,0.63,0.53,0.13,0.5,0,0.54,0.22,4,ME2
OCH1_YEAST,0.83,0.57,0.42,0.57,0.5,0,0.5,0.32,4,ME2
ACO1_YEAST,0.43,0.38,0.38,0.12,0.5,0,0.5,0.22,4,ME2
YINO_YEAST,0.76,0.67,0.37,0.22,0.5,0,0.54,0.22,4,ME2
PMP1_YEAST,0.95,0.71,0.27,0.39,0.5,0,0.31,0.22,4,ME2
PMP2_YEAST,0.97,0.71,0.29,0.42,0.5,0,0.35,0.22,4,ME2
PTM1_YEAST,0.81,0.55,0.35,0.34,0.5,0,0.51,0.22,4,ME2
SC12_YEAST,0.55,0.52,0.44,0.2,0.5,0,0.56,0.22,4,ME2
SC20_YEAST,0.46,0.47,0.44,0.18,1,0,0.46,0.22,4,ME2
SC22_YEAST,0.56,0.49,0.32,0.22,0.5,0,0.5,0.22,4,ME2
SC66_YEAST,0.39,0.71,0.38,0.14,0.5,0,0.5,0.22,4,ME2
SEC7_YEAST,0.37,0.42,0.46,0.15,0.5,0,0.51,0.31,4,ME2
SHR3_YEAST,0.7,0.57,0.34,0.19,0.5,0,0.53,0.27,4,ME2
PLSC_YEAST,0.8,0.69,0.53,0.33,0.5,0,0.51,0.22,4,ME2
TTP1_YEAST,0.79,0.62,0.35,0.35,0.5,0,0.6,0.28,4,ME2
YAG3_YEAST,0.88,0.75,0.41,0.36,0.5,0,0.43,0.22,4,ME2
YCK1_YEAST,0.71,0.51,0.49,0.23,0.5,0,0.3,0.32,4,ME2
YCR3_YEAST,0.69,0.57,0.39,0.19,0.5,0,0.48,0.39,4,ME2
YHN8_YEAST,0.86,0.78,0.34,0.15,0.5,0,0.53,0.22,4,ME2
YHU0_YEAST,0.63,0.71,0.44,0.53,0.5,0,0.52,0.22,4,ME2
YUR1_YEAST,0.81,0.62,0.43,0.17,0.5,0,0.53,0.22,4,ME2
ZNRP_YEAST,0.67,0.57,0.36,0.19,0.5,0,0.56,0.22,4,ME2
ADP1_YEAST,0.8,0.88,0.36,0.39,0.5,0,0.56,0.33,5,ME1
AGA1_YEAST,0.78,0.74,0.42,0.26,0.5,0,0.43,0.22,5,ME1
CALX_YEAST,0.75,0.7,0.38,0.27,0.5,0,0.49,0.22,5,ME1
CYPR_YEAST,0.73,0.83,0.43,0.3,0.5,0,0.55,0.22,5,ME1
END2_YEAST,0.78,0.7,0.32,0.23,0.5,0,0.53,0.22,5,ME1
FKB2_YEAST,0.74,0.72,0.47,0.25,0.5,0,0.57,0.22,5,ME1
FRE1_YEAST,0.91,0.77,0.34,0.47,0.5,0,0.52,0.31,5,ME1
FUS1_YEAST,0.84,0.66,0.36,0.78,0.5,0,0.49,0.5,5,ME1
GAS1_YEAST,0.7,0.69,0.43,0.33,0.5,0,0.58,0.22,5,ME1
YJ64_YEAST,0.85,0.85,0.3,0.31,0.5,0,0.55,0.42,5,ME1
IRE1_YEAST,0.89,0.81,0.36,0.71,0.5,0,0.55,0.63,5,ME1
YJ49_YEAST,0.7,0.73,0.37,0.37,0.5,0,0.48,0.31,5,ME1
KEX1_YEAST,0.67,0.63,0.34,0.41,0.5,0,0.6,0.33,5,ME1
KEX2_YEAST,0.7,0.73,0.38,0.36,0.5,0,0.54,0.22,5,ME1
KRE1_YEAST,0.84,0.87,0.45,0.54,0.5,0,0.28,0.22,5,ME1
MSB2_YEAST,0.76,0.76,0.35,0.27,0.5,0,0.44,0.22,5,ME1
YN94_YEAST,0.81,0.79,0.32,0.37,0.5,0,0.41,0.22,5,ME1
PEP1_YEAST,0.74,0.89,0.32,0.24,0.5,0,0.54,0.32,5,ME1
PLB1_YEAST,0.78,0.69,0.44,0.26,0.5,0,0.54,0.22,5,ME1
SAG1_YEAST,0.77,0.86,0.44,0.27,0.5,0,0.48,0.22,5,ME1
SC11_YEAST,0.85,0.66,0.49,0.18,0.5,0,0.51,0.22,5,ME1
SED1_YEAST,0.77,0.82,0.4,0.36,0.5,0,0.38,0.22,5,ME1
SGE1_YEAST,0.85,0.69,0.34,0.31,0.5,0,0.57,0.3,5,ME1
STE3_YEAST,0.88,0.72,0.32,0.3,0.5,0,0.52,0.33,5,ME1
OSTD_YEAST,0.78,0.73,0.27,0.28,0.5,0,0.56,0.22,5,ME1
TIP1_YEAST,0.77,0.7,0.44,0.29,0.5,0,0.56,0.22,5,ME1
SRP1_YEAST,0.79,0.79,0.42,0.26,0.5,0,0.6,0.22,5,ME1
SRP2_YEAST,0.8,0.83,0.43,0.24,0.5,0,0.54,0.22,5,ME1
OSTB_YEAST,0.78,0.71,0.35,0.25,0.5,0,0.49,0.22,5,ME1
YAA7_YEAST,1,0.8,0.29,0.36,0.5,0,0.52,0.22,5,ME1
YAB8_YEAST,0.69,0.66,0.36,0.09,0.5,0,0.56,0.22,5,ME1
YAF3_YEAST,0.77,0.78,0.27,0.37,0.5,0,0.49,0.22,5,ME1
YAP3_YEAST,0.71,0.79,0.41,0.38,0.5,0,0.54,0.22,5,ME1
YB37_YEAST,0.8,0.82,0.4,0.31,0.5,0,0.57,0.25,5,ME1
YB8I_YEAST,0.77,0.7,0.37,0.12,0.5,0,0.49,0.26,5,ME1
YCG9_YEAST,0.74,0.73,0.32,0.2,0.5,0,0.55,0.22,5,ME1
YCV1_YEAST,0.75,0.73,0.35,0.33,0.5,0,0.49,0.28,5,ME1
YHB7_YEAST,0.83,0.94,0.32,0.21,0.5,0,0.51,0.22,5,ME1
YHK5_YEAST,0.92,0.66,0.52,0.23,0.5,0,0.53,0.22,5,ME1
YHQ1_YEAST,0.72,0.73,0.41,0.28,0.5,0,0.44,0.22,5,ME1
YHR0_YEAST,0.8,0.73,0.47,0.19,0.5,0,0.49,0.22,5,ME1
YHY1_YEAST,0.77,0.68,0.35,0.19,0.5,0,0.53,0.43,5,ME1
YIR3_YEAST,0.85,0.85,0.3,0.31,0.5,0,0.55,0.42,5,ME1
YKE6_YEAST,0.77,0.74,0.37,0.29,0.5,0,0.45,0.22,5,ME1
AGA2_YEAST,0.74,0.67,0.47,0.34,0.5,0,0.42,0.22,6,EXC
APE2_YEAST,0.49,0.39,0.52,0.29,0.5,0,0.48,0.22,6,EXC
ASG2_YEAST,0.81,0.85,0.47,0.37,0.5,0,0.56,0.22,6,EXC
BAR1_YEAST,0.8,0.63,0.45,0.29,0.5,0,0.51,0.22,6,EXC
BGL2_YEAST,0.69,0.7,0.52,0.36,0.5,0,0.46,0.22,6,EXC
CYPB_YEAST,0.77,0.79,0.58,0.23,0.5,0,0.48,0.22,6,EXC
CHI1_YEAST,0.82,0.78,0.49,0.23,0.5,0,0.46,0.22,6,EXC
CHI2_YEAST,0.82,0.75,0.54,0.23,0.5,0,0.46,0.22,6,EXC
EXG1_YEAST,0.77,0.87,0.47,0.37,0.5,0,0.48,0.22,6,EXC
FLO1_YEAST,0.81,0.82,0.41,0.36,0.5,0,0.39,0.22,6,EXC
KHR1_YEAST,0.84,0.63,0.38,0.23,0.5,0,0.53,0.22,6,EXC
KHS1_YEAST,0.89,0.77,0.36,0.34,0.5,0,0.44,0.22,6,EXC
KRE9_YEAST,0.87,0.83,0.57,0.36,0.5,0,0.36,0.22,6,EXC
AGAL_YEAST,0.68,0.68,0.49,0.15,0.5,0,0.53,0.22,6,EXC
MFA2_YEAST,0.46,0.42,0.6,0.21,0.5,0,0.4,0.22,6,EXC
MFA3_YEAST,0.8,0.81,0.55,0.35,0.5,0,0.42,0.22,6,EXC
MFA4_YEAST,0.79,0.74,0.49,0.33,0.5,0,0.48,0.22,6,EXC
YN19_YEAST,0.41,0.59,0.46,0.19,0.5,0,0.36,0.22,6,EXC
YN70_YEAST,0.51,0.65,0.53,0.19,0.5,0,0.49,0.22,6,EXC
PPAB_YEAST,0.74,0.72,0.5,0.28,0.5,0,0.5,0.27,6,EXC
PPAC_YEAST,0.74,0.72,0.5,0.28,0.5,0,0.49,0.27,6,EXC
PPA3_YEAST,0.77,0.72,0.48,0.26,0.5,0,0.51,0.22,6,EXC
PPA5_YEAST,0.74,0.74,0.51,0.27,0.5,0,0.5,0.22,6,EXC
PIR1_YEAST,0.77,0.78,0.51,0.28,0.5,0,0.33,0.22,6,EXC
H150_YEAST,0.74,0.71,0.52,0.3,0.5,0,0.27,0.22,6,EXC
PIR3_YEAST,0.77,0.73,0.51,0.27,0.5,0,0.34,0.22,6,EXC
SPR1_YEAST,0.66,0.65,0.54,0.4,0.5,0,0.51,0.22,6,EXC
SS10_YEAST,0.77,0.73,0.49,0.46,0.5,0,0.38,0.22,6,EXC
S120_YEAST,0.7,0.58,0.53,0.39,0.5,0,0.59,0.22,6,EXC
AMYH_YEAST,0.83,0.81,0.45,0.38,0.5,0,0.4,0.26,6,EXC
INV1_YEAST,0.74,0.82,0.46,0.24,0.5,0,0.5,0.31,6,EXC
INV2_YEAST,0.74,0.82,0.46,0.24,0.5,0,0.48,0.22,6,EXC
INV4_YEAST,0.75,0.76,0.58,0.22,0.5,0,0.49,0.22,6,EXC
YCX9_YEAST,0.71,0.64,0.42,0.28,0.5,0,0.43,0.22,6,EXC
YGP1_YEAST,0.8,0.79,0.43,0.25,0.5,0,0.52,0.22,6,EXC
MAN1_YEAST,0.37,0.36,0.56,0.18,0.5,0,0.48,0.26,7,VAC
APE3_YEAST,0.74,0.57,0.51,0.28,0.5,0,0.58,0.22,7,VAC
CBPS_YEAST,0.7,0.65,0.54,0.28,0.5,0,0.6,0.4,7,VAC
DAP2_YEAST,0.36,0.68,0.38,0.08,0.5,0,0.53,0.25,7,VAC
AMPL_YEAST,0.42,0.32,0.48,0.16,0.5,0,0.55,0.22,7,VAC
PE12_YEAST,0.28,0.46,0.26,0.18,0.5,0,0.39,0.22,7,VAC
PEP3_YEAST,0.51,0.46,0.49,0.21,0.5,0,0.55,0.22,7,VAC
CARP_YEAST,0.8,0.82,0.57,0.26,0.5,0,0.57,0.27,7,VAC
END1_YEAST,0.46,0.49,0.45,0.28,0.5,0,0.55,0.22,7,VAC
PEP8_YEAST,0.4,0.36,0.55,0.15,0.5,0,0.53,0.22,7,VAC
ATC3_YEAST,0.4,0.39,0.33,0.17,0.5,0,0.51,0.31,7,VAC
PRTB_YEAST,0.75,0.69,0.48,0.13,0.5,0,0.57,0.4,7,VAC
CBPY_YEAST,0.69,0.7,0.5,0.3,0.5,0,0.54,0.22,7,VAC
PRTD_YEAST,0.63,0.55,0.53,0.51,0.5,0,0.55,0.22,7,VAC
AMYG_YEAST,0.7,0.78,0.53,0.24,0.5,0,0.48,0.22,7,VAC
STV1_YEAST,0.58,0.43,0.32,0.11,0.5,0,0.49,0.22,7,VAC
TOR2_YEAST,0.49,0.5,0.42,0.43,0.5,0,0.5,0.36,7,VAC
71_YEAST,0.55,0.44,0.5,0.09,0.5,0,0.55,0.22,7,VAC
VATA_YEAST,0.36,0.51,0.51,0.17,0.5,0,0.52,0.22,7,VAC
VM11_YEAST,0.68,0.68,0.35,0.16,0.5,0,0.62,0.22,7,VAC
VATB_YEAST,0.44,0.35,0.55,0.14,0.5,0,0.52,0.22,7,VAC
VATL_YEAST,0.73,0.59,0.35,0.15,0.5,0,0.54,0.22,7,VAC
VATE_YEAST,0.6,0.37,0.52,0.15,0.5,0,0.55,0.26,7,VAC
VATC_YEAST,0.64,0.61,0.56,0.15,0.5,0,0.54,0.22,7,VAC
VATX_YEAST,0.48,0.58,0.58,0.12,0.5,0,0.49,0.22,7,VAC
VATF_YEAST,0.65,0.58,0.53,0.21,0.5,0,0.51,0.22,7,VAC
VATD_YEAST,0.48,0.49,0.49,0.26,0.5,0,0.39,0.27,7,VAC
VPH1_YEAST,0.57,0.54,0.32,0.15,0.5,0,0.52,0.25,7,VAC
VM12_YEAST,0.4,0.36,0.32,0.16,0.5,0,0.51,0.27,7,VAC
VP34_YEAST,0.57,0.47,0.48,0.17,0.5,0,0.52,0.26,7,VAC
CACP_YEAST,0.45,0.41,0.5,0.46,0.5,0.5,0.5,0.27,8,POX
CISZ_YEAST,0.44,0.38,0.48,0.32,0.5,0.83,0.53,0.22,8,POX
CATA_YEAST,0.37,0.53,0.6,0.19,0.5,0.5,0.42,0.22,8,POX
MASZ_YEAST,0.44,0.53,0.52,0.23,0.5,0.83,0.51,0.22,8,POX
FOX2_YEAST,0.69,0.6,0.51,0.13,0.5,0.83,0.52,0.22,8,POX
THIK_YEAST,0.46,0.48,0.44,0.21,0.5,0,0.55,0.22,8,POX
ACEA_YEAST,0.52,0.5,0.53,0.1,0.5,0,0.48,0.22,8,POX
MDHP_YEAST,0.68,0.58,0.51,0.19,0.5,0.83,0.54,0.22,8,POX
MASY_YEAST,0.42,0.5,0.53,0.22,0.5,0.83,0.5,0.22,8,POX
YDA2_YEAST,0.49,0.27,0.57,0.18,0.5,0.83,0.54,0.22,8,POX
PTSR_YEAST,0.5,0.5,0.54,0.16,0.5,0,0.49,0.22,8,POX
UBCX_YEAST,0.47,0.43,0.59,0.27,0.5,0,0.55,0.22,8,POX
PAS3_YEAST,0.68,0.59,0.44,0.49,0.5,0,0.4,0.26,8,POX
PAS7_YEAST,0.5,0.51,0.57,0.27,0.5,0,0.48,0.22,8,POX
CAO_YEAST,0.46,0.37,0.48,0.36,0.5,0,0.48,0.22,8,POX
SX19_YEAST,0.32,0.68,0.51,0.16,0.5,0.83,0.55,0.22,8,POX
YB54_YEAST,0.4,0.4,0.43,0.19,0.5,0.83,0.48,0.22,8,POX
YB72_YEAST,0.57,0.52,0.46,0.2,0.5,0.83,0.52,0.41,8,POX
YHY0_YEAST,0.82,0.63,0.47,0.18,0.5,0,0.5,0.22,8,POX
YKS8_YEAST,0.74,0.75,0.45,0.44,0.5,0,0.52,0.22,8,POX
CYPD_YEAST,0.78,0.74,0.58,0.25,1,0,0.53,0.22,9,ERL
EUG1_YEAST,0.77,0.8,0.51,0.4,1,0,0.54,0.22,9,ERL
GR78_YEAST,0.85,0.56,0.33,0.38,1,0,0.55,0.25,9,ERL
KRE5_YEAST,0.86,0.92,0.5,0.37,1,0,0.53,0.32,9,ERL
PDI_YEAST,0.7,0.84,0.49,0.28,1,0,0.58,0.22,9,ERL
